player_name,seasons,total_games,total_minutes,first_age,last_age,career_length
A.C. Green,16,1278,36552.0,22,37,16
A.J. Price,5,233,3830.0,23,28,6
Aaron Brooks,9,613,13250.0,23,32,10
Aaron Gordon,11,720,21076.0,19,29,11
Aaron Gray,5,249,3185.0,23,28,6
Aaron Holiday,7,448,7366.0,22,28,7
Aaron James,3,205,4594.0,24,26,3
Aaron McKie,11,769,18904.0,22,32,11
Aaron Nesmith,5,288,6177.0,21,25,5
Aaron Wiggins,4,274,5478.0,23,26,4
Aaron Williams,9,584,10930.0,25,34,10
Abdel Nader,4,188,2438.0,24,27,4
Acie Earl,3,163,2304.0,23,26,4
Acie Law,3,162,2151.0,23,26,4
Adam Keefe,8,555,9730.0,22,30,9
Admiral Schofield,3,108,1288.0,22,25,4
Adonal Foyle,9,593,11749.0,22,30,9
Adrian Dantley,14,945,34025.0,21,34,14
Adrian Griffin,5,310,6513.0,25,32,8
Al Harrington,14,950,27730.0,19,33,15
Al Horford,17,1127,35570.0,21,38,18
Al Jefferson,14,915,26299.0,20,33,14
Al Skinner,3,201,4450.0,24,26,3
Al Thornton,4,296,8274.0,24,27,4
Al Wood,6,417,9939.0,23,28,6
Al-Farouq Aminu,10,693,17318.0,20,30,11
Alan Anderson,5,283,5884.0,23,34,12
Alan Henderson,11,646,13712.0,23,34,12
Albert King,8,528,12777.0,22,29,8
Alec Burks,14,791,17576.0,20,33,14
Alec Kessler,3,195,2871.0,24,26,3
Aleksej Pokusevski,4,168,3429.0,19,22,4
Alex Caruso,8,417,9287.0,23,30,8
Alex English,15,1193,38063.0,23,37,15
Alex Len,8,528,10407.0,21,28,8
Alexey Shved,3,182,3271.0,24,26,3
Alexis Ajinça,5,256,3693.0,22,28,7
Allan Bristow,7,521,11533.0,25,31,7
Allan Houston,12,839,28311.0,22,33,12
Allen Crabbe,6,366,9025.0,22,27,6
Allen Iverson,14,914,37584.0,21,34,14
Allen Leavell,10,700,16248.0,22,31,10
Alonzo Gee,6,393,8800.0,23,28,6
Alonzo Mourning,13,813,25454.0,22,37,16
Alperen Şengün,4,286,8101.0,19,22,4
Alton Lister,12,870,18191.0,23,37,15
Alvan Adams,12,908,24547.0,22,33,12
Alvin Robertson,10,779,24669.0,22,33,12
Alvin Scott,8,627,10853.0,22,29,8
Alvin Williams,7,457,12590.0,23,29,7
Amar'e Stoudemire,13,843,26204.0,20,33,14
Amir Coffey,4,261,5400.0,24,27,4
Amir Johnson,12,859,18160.0,20,31,12
Anderson Varejão,11,560,14463.0,22,32,11
Andray Blatche,8,535,12287.0,20,27,8
Andre Drummond,13,904,24220.0,19,31,13
Andre Iguodala,18,1223,39394.0,21,38,18
Andre Miller,17,1304,40268.0,23,39,17
Andre Roberson,4,255,6252.0,23,26,4
Andrea Bargnani,10,550,15806.0,21,30,10
Andrei Kirilenko,12,790,23880.0,20,32,13
Andrew Bogut,11,659,19148.0,21,32,12
Andrew Bynum,7,372,10352.0,19,26,8
Andrew DeClercq,8,557,9595.0,23,30,8
Andrew Lang,10,656,14574.0,23,32,10
Andrew Nembhard,3,208,5651.0,23,25,3
Andrew Nicholson,4,247,3738.0,23,26,4
Andrew Toney,7,462,12524.0,23,30,8
Andrew Wiggins,11,766,25887.0,19,29,11
Andris Biedriņš,8,457,10606.0,18,25,8
Andrés Nocioni,7,503,11957.0,25,31,7
Anfernee Hardaway,10,661,22577.0,22,33,12
Anfernee Simons,6,369,10279.0,20,25,6
Antawn Jamison,16,1083,37638.0,22,37,16
Anthony Avent,4,298,6308.0,23,26,4
Anthony Bennett,3,132,1821.0,20,23,4
Anthony Bonner,5,314,7329.0,22,26,5
Anthony Bowie,6,416,7687.0,26,32,7
Anthony Carter,10,592,11851.0,24,35,12
Anthony Davis,13,787,27115.0,19,31,13
Anthony Edwards,5,381,13263.0,19,23,5
Anthony Goldwire,5,237,4759.0,24,33,10
Anthony Johnson,12,740,15041.0,23,35,13
Anthony Mason,11,858,30476.0,25,36,12
Anthony Morrow,8,523,11897.0,23,31,9
Anthony Parker,6,439,13368.0,31,36,6
Anthony Peeler,13,827,20464.0,23,35,13
Anthony Randolph,5,213,3512.0,19,24,6
Anthony Roberts,4,194,3670.0,22,25,4
Anthony Tolliver,11,700,13890.0,24,34,11
Antoine Carr,14,952,19370.0,23,38,16
Antoine Walker,12,893,31531.0,20,31,12
Antoine Wright,4,251,5313.0,22,25,4
Antonio Daniels,12,868,19636.0,22,33,12
Antonio Davis,13,903,26084.0,25,37,13
Antonio McDyess,14,1005,27817.0,21,36,16
Archie Goodwin,3,150,2182.0,19,21,3
Armen Gilliam,13,929,26421.0,23,35,13
Armond Hill,6,439,11435.0,23,28,6
Aron Baynes,7,453,7738.0,28,34,7
Arron Afflalo,11,762,20829.0,22,32,11
Artis Gilmore,12,909,29685.0,27,38,12
Arvydas Sabonis,7,470,11375.0,31,38,8
Audie Norris,3,187,2585.0,22,24,3
Austin Carr,5,370,9561.0,28,32,5
Austin Croshere,9,592,10888.0,24,32,9
Austin Daye,5,271,3984.0,21,26,6
Austin Reaves,4,280,8440.0,23,26,4
Austin Rivers,11,707,16858.0,20,30,11
Avery Bradley,11,629,17989.0,21,31,11
Avery Johnson,14,963,25894.0,24,38,15
Ayo Dosunmu,4,279,7814.0,22,25,4
B.J. Armstrong,11,747,17790.0,22,32,11
Bam Adebayo,8,567,17354.0,20,27,8
Baron Davis,13,835,28592.0,20,32,13
Ben Coleman,4,218,3535.0,25,28,4
Ben Gordon,10,725,20087.0,21,31,11
Ben McDonald,3,165,3589.0,23,25,3
Ben McLemore,8,537,12376.0,20,28,9
Ben Poquette,10,718,15763.0,22,31,10
Ben Simmons,6,368,11551.0,21,28,8
Ben Wallace,15,1054,31888.0,23,37,15
Bennedict Mathurin,3,209,5909.0,20,22,3
Beno Udrih,13,831,18185.0,22,34,13
Benoit Benjamin,11,780,21629.0,21,31,11
Bernard King,12,849,28784.0,21,36,16
Bernard Thompson,3,122,2178.0,23,25,3
Bill Cartwright,14,961,27455.0,22,37,16
Bill Curley,3,116,1276.0,22,27,6
Bill Garnett,4,300,5260.0,22,25,4
Bill Hanzlik,10,748,15534.0,23,32,10
Bill Laimbeer,13,1057,33708.0,23,35,13
Bill Robinzine,6,454,10105.0,24,29,6
Bill Walton,6,358,9961.0,24,33,10
Bill Wennington,9,577,8531.0,22,35,14
Bill Willoughby,7,426,7777.0,19,26,8
Billy Knight,9,671,18412.0,24,32,9
Billy McKinney,6,467,9106.0,23,28,6
Billy Owens,10,600,17619.0,22,31,10
Billy Paultz,8,575,13260.0,28,35,8
Billy Thompson,4,290,6658.0,23,27,5
Bimbo Coles,13,830,20149.0,22,34,13
Bingo Smith,4,313,7489.0,30,33,4
Bismack Biyombo,14,867,16912.0,19,32,14
Bison Dele,7,404,9866.0,22,29,8
Blair Rasmussen,7,484,11079.0,24,30,7
Blake Griffin,12,747,23872.0,21,33,13
Blake Wesley,3,156,2228.0,19,21,3
Blue Edwards,10,704,18409.0,24,33,10
Bo Outlaw,13,873,20519.0,22,35,14
Bob Dandridge,5,291,9909.0,29,33,5
Bob Gross,7,437,11101.0,23,29,7
Bob Hansen,8,520,10685.0,24,31,8
Bob Lanier,8,495,15447.0,28,35,8
Bob McAdoo,9,522,15392.0,25,34,10
Bob Sura,10,657,15597.0,22,31,10
Bob Thornton,3,175,2508.0,23,27,5
Bob Wilkerson,7,536,14883.0,22,28,7
Bobby Hurley,4,250,3671.0,23,26,4
Bobby Jackson,12,755,16790.0,24,35,12
Bobby Jones,11,821,20708.0,24,34,11
Bobby Phills,7,426,13222.0,24,30,7
Bobby Portis,10,654,14907.0,20,29,10
Bobby Simmons,9,464,11497.0,21,31,11
Bogdan Bogdanović,8,503,14298.0,25,32,8
Bojan Bogdanović,10,719,20890.0,25,34,10
Bol Bol,3,149,2422.0,23,25,3
Bones Hyland,3,162,2935.0,21,23,3
Bonzi Wells,9,584,15098.0,23,31,9
Boris Diaw,14,1064,28768.0,21,34,14
Boštjan Nachbar,5,303,5551.0,23,27,5
Brad Daugherty,8,548,20029.0,21,28,8
Brad Davis,14,943,22034.0,22,36,15
Brad Lohaus,9,641,10231.0,23,31,9
Brad Miller,13,853,24391.0,22,34,13
Brad Sellers,4,301,6395.0,24,27,4
Brad Wanamaker,3,155,2742.0,30,32,3
Bradley Beal,13,801,27560.0,19,31,13
Brandan Wright,8,378,6361.0,21,30,10
Brandon Bass,10,708,15980.0,22,31,10
Brandon Boston Jr.,4,147,2346.0,20,23,4
Brandon Clarke,5,301,6258.0,23,28,6
Brandon Goodwin,3,117,1552.0,24,26,3
Brandon Ingram,8,477,15721.0,19,26,8
Brandon Jennings,8,541,16639.0,20,27,8
Brandon Knight,8,446,13137.0,20,28,9
Brandon Roy,5,321,11439.0,22,26,5
Brandon Rush,7,446,10268.0,23,31,9
Brendan Haywood,11,788,18386.0,22,33,12
Brent Barry,14,912,23643.0,24,37,14
Brent Price,7,392,6888.0,24,31,8
Brevin Knight,12,729,18176.0,22,33,12
Brian Cardinal,7,355,5749.0,26,33,8
Brian Cook,6,344,5158.0,23,30,8
Brian Grant,12,756,21417.0,22,33,12
Brian Roberts,4,263,4737.0,27,31,5
Brian Scalabrine,8,422,6090.0,23,30,8
Brian Shaw,13,942,21661.0,22,36,15
Brian Skinner,11,589,10777.0,22,32,11
Brian Taylor,6,330,10262.0,25,30,6
Brian Winters,7,504,15627.0,24,30,7
Brook Lopez,14,1070,32555.0,20,36,17
Bruce Bowen,12,872,24051.0,26,37,12
Bruce Brown,7,457,11376.0,22,28,7
Bruno Fernando,3,140,1800.0,21,25,5
Bryan Warrick,3,137,2125.0,23,26,4
Bryant Reeves,6,395,12071.0,22,27,6
Bryant Stith,10,586,16417.0,22,31,10
Bryce Drew,4,215,3813.0,24,27,4
Bryn Forbes,6,395,8297.0,24,29,6
Bryon Russell,11,781,19225.0,23,34,12
Buck Johnson,6,445,11329.0,24,29,6
Buck Williams,17,1307,42464.0,21,37,17
Buddy Hield,9,714,20180.0,24,32,9
Butch Carter,5,352,6747.0,22,26,5
Byron Houston,3,175,2416.0,23,26,4
Byron Scott,14,1073,30152.0,22,35,14
C.J. Miles,13,815,16918.0,19,31,13
C.J. Watson,10,600,12093.0,23,32,10
CJ McCollum,12,787,25264.0,22,33,12
Cade Cunningham,3,196,6614.0,20,23,4
Calbert Cheaney,12,816,21854.0,22,34,13
Caldwell Jones,14,1068,26474.0,26,39,14
Caleb Houstan,3,168,2415.0,20,22,3
Caleb Martin,5,293,7241.0,25,29,5
Calvin Booth,3,173,2714.0,24,27,4
Calvin Garrett,3,162,2974.0,24,27,4
Calvin Murphy,7,520,15922.0,28,34,7
Calvin Natt,9,584,18634.0,23,32,10
Cam Reddish,6,254,5876.0,20,25,6
Cam Thomas,4,215,4980.0,20,23,4
Cameron Johnson,6,340,9020.0,23,28,6
Cameron Payne,9,469,8173.0,21,30,10
Campy Russell,6,413,14042.0,25,30,6
Carey Scurry,3,180,2376.0,23,25,3
Caris LeVert,9,524,14552.0,22,30,9
Carl Herrera,6,363,7133.0,25,32,8
Carl Landry,8,495,11291.0,24,32,9
Carlos Arroyo,8,525,10364.0,22,31,10
Carlos Boozer,13,861,26901.0,21,33,13
Carlos Delfino,8,507,11580.0,22,30,9
Carlos Rogers,6,274,5478.0,23,29,7
Carmelo Anthony,18,1250,43220.0,19,37,19
Caron Butler,13,864,28157.0,22,34,13
Cartier Martin,3,152,2106.0,26,29,4
Casey Jacobsen,4,287,5320.0,21,26,6
Cedi Osman,7,476,10815.0,22,28,7
Cedric Ceballos,10,596,14360.0,21,31,11
Cedric Henderson,4,248,6112.0,22,25,4
Cedric Maxwell,11,835,23769.0,22,32,11
Chandler Hutchison,3,97,1768.0,22,24,3
Chandler Parsons,8,435,13192.0,23,30,8
Channing Frye,12,854,19431.0,22,34,13
Charles Barkley,16,1073,39330.0,21,36,16
Charles Davis,7,362,4621.0,23,30,8
Charles Dudley,3,200,4026.0,26,28,3
Charles Johnson,3,232,4314.0,27,29,3
Charles Jones,12,725,14677.0,23,36,14
Charles Oakley,18,1275,40255.0,22,39,18
Charles Pittman,3,206,3122.0,25,27,3
Charles Shackleford,5,243,4130.0,23,32,10
Charles Smith,10,628,17507.0,23,30,8
Charlie Bell,5,350,9153.0,26,30,5
Charlie Criss,6,399,8630.0,29,34,6
Charlie Scott,4,270,8531.0,28,31,4
Charlie Villanueva,9,623,13218.0,21,31,11
Charlie Ward,9,606,13676.0,25,33,9
Chase Budinger,7,407,7998.0,21,27,7
Chasson Randle,3,116,1879.0,23,27,5
Chauncey Billups,15,1011,32394.0,21,36,16
Cheick Diallo,3,163,1956.0,21,23,3
Cherokee Parks,7,418,7161.0,23,30,8
Chimezie Metu,4,213,3315.0,23,26,4
Chris Andersen,13,678,12125.0,23,37,15
Chris Anstey,3,155,2157.0,23,25,3
Chris Bosh,13,893,31936.0,19,31,13
Chris Boucher,6,378,7052.0,27,32,6
Chris Carr,4,202,3606.0,22,25,4
Chris Childs,8,529,13511.0,27,34,8
Chris Chiozza,3,84,1005.0,24,26,3
Chris Crawford,4,200,3560.0,23,28,6
Chris Douglas-Roberts,4,204,4215.0,22,27,6
Chris Duarte,3,160,3157.0,24,26,3
Chris Dudley,10,671,14381.0,24,35,12
Chris Duhon,9,606,15526.0,22,30,9
Chris Ford,6,476,14287.0,28,33,6
Chris Gatling,11,700,13760.0,24,34,11
Chris Johnson,3,139,2172.0,23,25,3
Chris Kaman,12,719,19530.0,21,32,12
Chris Mihm,7,418,8653.0,21,28,8
Chris Mills,9,553,16789.0,24,33,10
Chris Morris,10,693,18210.0,23,33,11
Chris Mullin,16,986,32163.0,22,37,16
Chris Paul,20,1354,45608.0,20,39,20
Chris Singleton,3,148,2605.0,22,24,3
Chris Smith,3,224,3956.0,22,24,3
Chris Webber,13,807,30163.0,20,33,14
Chris Whitney,8,498,9348.0,24,31,8
Chris Wilcox,11,628,12474.0,20,30,11
Christian Braun,3,237,5511.0,21,23,3
Christian Laettner,12,852,25423.0,23,35,13
Christian Wood,6,309,7606.0,23,28,6
Chuck Hayes,9,613,11536.0,22,30,9
Chuck Person,12,906,28601.0,22,34,13
Chucky Atkins,11,696,17304.0,25,35,11
Chucky Brown,11,675,11860.0,21,32,12
Chuma Okeke,3,142,3400.0,22,24,3
Clarence Weatherspoon,13,915,27736.0,22,34,13
Clark Kellogg,3,237,7886.0,21,23,3
Clemon Johnson,9,687,12587.0,22,30,9
Cliff Levingston,10,773,16493.0,22,31,10
Cliff Robinson,9,606,18790.0,19,27,9
Clifford Ray,5,385,8724.0,28,32,5
Clifford Robinson,18,1380,42561.0,23,40,18
Clifford Rozier,3,167,2954.0,22,24,3
Clint Capela,10,652,17313.0,21,30,10
Clint Richardson,8,586,11818.0,23,30,8
Clyde Drexler,15,1086,37537.0,21,35,15
Coby Dietrick,6,472,9207.0,28,33,6
Coby White,6,422,12566.0,19,24,6
Cody Martin,5,252,5544.0,24,29,6
Cody Zeller,9,494,10973.0,21,29,9
Cole Anthony,5,320,7935.0,20,24,5
Collin Sexton,6,396,11841.0,20,26,7
Corey Benjamin,3,144,2039.0,20,22,3
Corey Brewer,11,799,18431.0,21,32,12
Corey Kispert,4,292,7563.0,22,25,4
Corey Maggette,13,809,23101.0,20,32,13
Corie Blount,11,644,9925.0,25,35,11
Corky Calhoun,3,230,3445.0,26,28,3
Corliss Williamson,11,785,18387.0,22,33,12
Cory Alexander,4,205,3859.0,23,26,4
Cory Joseph,13,837,18030.0,21,33,13
Courtney Alexander,3,187,4067.0,23,25,3
Courtney Lee,12,811,21938.0,23,34,12
Craig Ehlo,11,785,20620.0,25,35,11
Craig Hodges,9,639,14522.0,22,30,9
Craig Smith,5,356,6362.0,23,27,5
Cristiano Felício,5,234,3470.0,23,27,5
Curtis Rowe,3,183,4323.0,27,29,3
Cuttino Mobley,10,736,27253.0,23,32,10
D'Angelo Russell,10,629,18745.0,19,28,10
D.J. Augustin,14,976,22851.0,21,34,14
Daequan Cook,5,279,5552.0,20,24,5
Dahntay Jones,8,544,9262.0,24,32,9
Dalano Banton,3,185,2863.0,22,25,4
Dale Davis,15,1066,29428.0,22,37,16
Dale Ellis,17,1209,34778.0,23,39,17
Damian Jones,5,215,3338.0,23,27,5
Damian Lillard,13,900,32614.0,22,34,13
Damien Wilkins,9,563,10839.0,25,33,9
Damion Lee,5,275,5639.0,26,30,5
Damon Jones,10,639,13353.0,22,31,10
Damon Stoudamire,13,878,29106.0,22,34,13
Damyean Dotson,4,211,4221.0,23,26,4
Dan Dickau,3,188,3645.0,24,29,6
Dan Gadzuric,8,493,7466.0,24,32,9
Dan Issel,9,718,22342.0,28,36,9
Dan Majerle,14,955,30206.0,23,36,14
Dan Roundfield,11,746,23443.0,23,33,11
Dana Barros,13,849,19469.0,22,34,13
Daniel Gafford,6,378,7489.0,21,26,6
Daniel Gibson,7,397,9316.0,20,26,7
Daniel Theis,7,404,7624.0,25,32,8
Danilo Gallinari,14,777,22410.0,20,35,16
Danny Ainge,14,1042,27755.0,22,35,14
Danny Ferry,12,853,17532.0,24,35,12
Danny Fortson,7,403,8248.0,21,29,9
Danny Granger,9,581,18413.0,22,31,10
Danny Green,11,791,20536.0,24,34,11
Danny Manning,14,870,24113.0,22,35,14
Danny Schayes,16,1063,21290.0,22,38,17
Danny Vranes,7,510,10624.0,23,29,7
Danny Young,8,564,9433.0,23,30,8
Dante Cunningham,10,715,14875.0,22,31,10
Dante Exum,6,300,5654.0,19,29,11
Danuel House Jr.,7,293,6270.0,24,30,7
Dario Šarić,7,477,10869.0,22,29,8
Darius Bazley,4,228,5384.0,19,22,4
Darius Garland,6,382,12693.0,20,25,6
Darius Miles,6,412,11432.0,19,24,6
Darius Miller,4,248,5118.0,22,28,7
Darius Songaila,7,485,9158.0,25,31,7
Darko Miličić,7,396,8220.0,20,26,7
Darnell Hillman,4,287,6594.0,27,30,4
Darnell Valentine,9,620,14395.0,22,31,10
Darrell Armstrong,12,824,19866.0,28,39,12
Darrell Arthur,8,484,8804.0,20,28,9
Darrell Griffith,10,765,21403.0,22,32,11
Darrell Walker,10,720,18601.0,22,31,10
Darren Collison,10,708,20796.0,22,31,10
Darren Daye,5,328,5208.0,23,27,5
Darrick Martin,6,365,7905.0,23,28,6
Darryl Dawkins,10,663,16883.0,20,29,10
Darvin Ham,4,209,3466.0,26,29,4
Darwin Cook,8,612,14156.0,22,30,9
Dave Corzine,10,798,20014.0,23,32,10
Dave Cowens,5,301,10793.0,28,34,7
Dave Greenwood,11,786,23165.0,22,33,12
Dave Meyers,3,209,5882.0,23,26,4
Dave Robisch,7,496,10299.0,27,34,8
Dave Twardzik,4,280,6921.0,26,29,4
David Benoit,6,443,8868.0,23,29,7
David Harrison,3,165,2496.0,22,25,4
David Lee,12,829,24293.0,22,33,12
David Nwaba,6,237,4583.0,24,29,6
David Robinson,13,981,34124.0,24,37,14
David Roddy,3,168,2845.0,21,23,3
David Thompson,7,490,15956.0,22,28,7
David Wesley,13,889,29730.0,24,36,13
David West,15,1034,29144.0,23,37,15
David Wingate,10,602,12049.0,23,33,11
David Wood,4,300,4711.0,26,31,6
Davion Mitchell,4,301,6651.0,23,26,4
Day'Ron Sharpe,4,191,2771.0,20,23,4
De'Aaron Fox,8,531,17660.0,20,27,8
De'Andre Hunter,6,327,9820.0,22,27,6
De'Anthony Melton,6,350,8026.0,20,25,6
DeAndre Jordan,17,1111,27867.0,20,36,17
DeAndre' Bembry,5,258,5299.0,23,27,5
DeJuan Blair,5,366,6656.0,20,24,5
DeMar DeRozan,16,1187,41228.0,20,35,16
DeMarcus Cousins,11,654,19509.0,20,31,12
DeMarre Carroll,10,566,13625.0,23,33,11
DeSagana Diop,8,501,7545.0,21,31,11
DeShawn Stevenson,12,784,18103.0,20,31,12
Dean Garrett,5,325,6786.0,30,34,5
Dean Wade,5,271,5443.0,24,28,5
Deandre Ayton,7,398,12272.0,20,26,7
Dee Brown,10,594,16623.0,22,31,10
Dejounte Murray,7,465,14423.0,21,28,8
Dell Curry,15,1016,22913.0,23,37,15
Delon Wright,9,521,10946.0,24,32,9
Delonte West,8,432,11842.0,21,28,8
Deni Avdija,5,359,9679.0,20,24,5
Dennis Awtrey,5,289,5296.0,28,32,5
Dennis Hopson,5,334,7509.0,22,26,5
Dennis Johnson,14,1100,35954.0,22,35,14
Dennis Rodman,13,899,28450.0,25,37,13
Dennis Schröder,12,842,23024.0,20,31,12
Dennis Scott,9,611,17375.0,22,31,10
Dennis Smith Jr.,7,326,7601.0,20,26,7
Denzel Valentine,4,232,4595.0,23,27,5
DerMarr Johnson,6,339,5902.0,20,26,7
Derek Anderson,11,615,17975.0,23,33,11
Derek Fisher,18,1287,32719.0,22,39,18
Derek Harper,16,1199,37786.0,22,37,16
Derek Smith,6,368,9316.0,22,28,7
Derek Strong,8,435,8388.0,24,32,9
Deron Williams,12,845,28865.0,21,32,12
Derrick Coleman,13,765,25559.0,23,36,14
Derrick Favors,12,790,19202.0,19,30,12
Derrick Jones Jr.,9,497,10084.0,19,27,9
Derrick McKey,14,924,26985.0,21,35,15
Derrick Rose,14,713,21743.0,20,35,16
Derrick White,7,477,13942.0,24,30,7
Derrick Williams,6,426,8855.0,20,25,6
Desmond Bane,5,313,9274.0,22,26,5
Desmond Mason,9,638,19575.0,23,31,9
Detlef Schrempf,16,1136,33597.0,23,38,16
Devean George,9,566,11031.0,23,32,10
Devin Booker,10,673,23149.0,19,28,10
Devin Brown,7,455,8929.0,25,31,7
Devin Harris,15,985,23963.0,21,35,15
Devin Vassell,5,303,8402.0,20,24,5
Devonte' Graham,6,336,8359.0,23,28,6
Dewayne Dedmon,9,499,8686.0,24,33,10
Dickey Simpkins,4,219,4217.0,23,27,5
Dikembe Mutombo,17,1187,36695.0,25,41,17
Dillon Brooks,7,474,14173.0,22,29,8
Dino Radja,4,224,7308.0,26,29,4
Dion Glover,5,287,6064.0,21,25,5
Dion Waiters,7,409,11628.0,21,27,7
Dirk Minniefield,3,222,3801.0,25,27,3
Dirk Nowitzki,21,1522,51368.0,20,40,21
Doc Rivers,12,845,23068.0,22,34,13
Domantas Sabonis,9,646,19899.0,20,28,9
Dominic McGuire,4,221,4346.0,23,27,5
Dominick Barlow,3,96,1203.0,19,21,3
Dominique Wilkins,14,1047,37861.0,23,37,15
Don Buse,9,648,17070.0,26,34,9
Don Chaney,3,197,4317.0,30,32,3
Don Collins,4,286,5986.0,22,25,4
Don Ford,5,377,7262.0,24,28,5
Don MacLean,5,269,6053.0,23,27,5
Don Reid,6,355,4902.0,22,28,7
Donald Hodge,3,184,2958.0,22,25,4
Donald Royal,8,504,8442.0,23,31,9
Donald Sloan,4,170,3357.0,24,28,5
Donatas Motiejūnas,5,248,4553.0,22,26,5
Donnell Harvey,3,184,3237.0,21,23,3
Donovan Mitchell,8,539,18243.0,21,28,8
Donte DiVincenzo,7,416,10611.0,22,28,7
Donté Greene,4,253,4259.0,20,23,4
Donyell Marshall,14,932,24838.0,21,34,14
Dorell Wright,8,520,12048.0,21,29,9
Dorian Finney-Smith,9,591,16521.0,23,31,9
Doug Christie,12,801,25733.0,22,34,13
Doug Collins,4,220,7365.0,25,28,4
Doug McDermott,9,619,12909.0,24,32,9
Doug Overton,9,433,6713.0,23,34,12
Doug Smith,4,279,5741.0,22,25,4
Doug West,9,595,15806.0,23,32,10
Dragan Bender,3,171,3469.0,19,21,3
Draymond Green,13,881,25282.0,22,34,13
Dražen Petrović,4,290,7669.0,25,28,4
Drew Eubanks,6,361,5771.0,22,27,6
Drew Gooden,13,774,19976.0,21,34,14
Duane Causwell,8,460,8724.0,22,32,11
Duane Ferrell,7,470,7967.0,25,31,7
Dudley Bradley,8,562,9925.0,22,30,9
Duncan Robinson,6,408,10852.0,25,30,6
Dwayne Bacon,4,207,4012.0,22,25,4
Dwight Howard,17,1233,39227.0,19,36,18
Dwight Jones,7,551,11156.0,24,30,7
Dwight Powell,10,676,12329.0,24,33,10
Dwyane Wade,16,1054,35773.0,22,37,16
Dyson Daniels,3,196,4971.0,19,21,3
Dāvis Bertāns,8,475,8546.0,24,31,8
E'Twaun Moore,8,504,11729.0,23,31,9
Earl Boykins,11,634,12704.0,22,34,13
Earl Clark,4,200,3154.0,23,26,4
Earl Cureton,9,654,12185.0,23,31,9
Earl Monroe,4,268,7051.0,32,35,4
Earl Tatum,3,229,5004.0,23,25,3
Earl Watson,12,854,19333.0,22,33,12
Ed Davis,11,691,13555.0,21,31,11
Ed Nealy,7,404,5721.0,22,30,9
Ed Pinckney,11,786,15547.0,22,33,12
Eddie Griffin,4,290,6637.0,19,23,5
Eddie House,11,717,12405.0,22,32,11
Eddie Johnson,20,1496,41152.0,22,38,17
Eddie Jones,14,954,32778.0,23,36,14
Eddie Jordan,5,369,7964.0,23,27,5
Eddie Lee Wilkins,3,157,2343.0,22,27,6
Eddie Robinson,5,278,5345.0,23,27,5
Eddy Curry,7,501,12927.0,19,25,7
Edgar Jones,6,363,6960.0,24,29,6
Edmond Sumner,3,137,2044.0,24,27,4
Eduardo Nájera,12,619,11213.0,24,35,12
Ekpe Udoh,5,300,5246.0,23,30,8
Elden Campbell,13,952,25006.0,23,35,13
Eldridge Recasner,4,237,4644.0,28,31,4
Elfrid Payton,9,524,13894.0,20,30,11
Elliot Perry,7,462,8726.0,24,31,8
Elmore Smith,3,175,3792.0,27,29,3
Elston Turner,7,488,8908.0,22,29,8
Elton Brand,15,1033,34411.0,20,35,16
Elvin Hayes,8,651,22157.0,31,38,8
Emanual Davis,5,213,3704.0,29,34,6
Emeka Okafor,10,616,19055.0,22,35,14
Emmanuel Mudiay,5,300,7176.0,19,23,5
Enes Freedom,11,748,16101.0,19,29,11
Ennis Whatley,5,332,6656.0,21,32,12
Eric Bledsoe,12,756,21021.0,21,32,12
Eric Gordon,16,916,28573.0,20,36,17
Eric Leckner,5,334,4403.0,22,28,7
Eric Maynor,4,258,3759.0,22,26,5
Eric Mobley,3,113,1570.0,24,26,3
Eric Money,4,280,7671.0,21,24,4
Eric Montross,7,414,8147.0,23,30,8
Eric Murdock,6,431,10889.0,24,31,8
Eric Paschall,3,158,3085.0,23,25,3
Eric Piatkowski,11,733,14199.0,24,34,11
Eric Riley,3,104,1288.0,24,27,4
Eric Snow,12,803,22743.0,23,34,12
Eric Williams,10,633,15465.0,23,33,11
Erick Dampier,15,972,23920.0,21,35,15
Erick Strickland,9,501,10189.0,23,31,9
Ernie Grunfeld,9,693,12916.0,22,30,9
Ersan İlyasova,12,808,18809.0,19,32,14
Ervin Johnson,10,736,16218.0,27,36,10
Etan Thomas,8,396,7002.0,23,31,9
Evan Fournier,12,704,19514.0,20,31,12
Evan Mobley,4,269,8745.0,20,23,4
Evan Turner,9,686,18687.0,22,30,9
Fabricio Oberto,4,272,4336.0,31,34,4
Fat Lever,10,748,23728.0,22,33,12
Felipe López,3,182,3564.0,24,26,3
Felton Spencer,8,538,11629.0,23,30,8
Festus Ezeli,3,170,2394.0,23,26,4
Foots Walker,8,505,12686.0,25,32,8
Francisco Elson,6,393,6515.0,27,32,6
Francisco García,9,535,11653.0,24,32,9
Frank Brickowski,10,674,15712.0,25,36,12
Frank Jackson,4,213,3868.0,20,23,4
Frank Johnson,8,564,12096.0,23,35,13
Frank Kaminsky,6,368,7744.0,22,27,6
Frank Ntilikina,5,283,5089.0,19,24,6
Franklin Edwards,3,214,3411.0,23,26,4
Franz Wagner,4,291,9398.0,20,23,4
Fred Brown,8,612,14057.0,28,35,8
Fred Hoiberg,8,514,9806.0,24,32,9
Fred Jones,6,411,10184.0,24,29,6
Fred Roberts,10,715,13877.0,23,34,12
Fred VanVleet,8,513,16899.0,23,30,8
Freeman Williams,4,296,6286.0,22,25,4
Furkan Korkmaz,4,242,4714.0,21,24,4
Gabe Vincent,4,258,5530.0,24,28,5
Gail Goodrich,3,182,5292.0,33,35,3
Gar Heard,5,349,7709.0,28,32,5
Garrett Temple,11,619,14204.0,23,37,15
Garrison Mathews,5,296,5258.0,24,28,5
Gary Clark,3,132,1862.0,24,26,3
Gary Grant,10,543,12554.0,23,32,10
Gary Harris,11,618,16665.0,20,30,11
Gary Neal,6,350,7489.0,26,31,6
Gary Payton,17,1335,47117.0,22,38,17
Gary Payton II,5,228,3653.0,27,32,6
Gary Trent,7,462,9246.0,21,29,9
Gary Trent Jr.,6,400,11587.0,21,26,6
Gene Banks,6,468,13074.0,22,27,6
Geoff Huston,6,469,11731.0,22,28,7
George Gervin,10,791,26536.0,24,33,10
George Hill,15,915,24501.0,22,36,15
George Johnson,9,703,16923.0,26,36,11
George Lynch,12,774,17683.0,23,34,12
George McCloud,11,722,17016.0,23,34,12
George McGinnis,6,451,13248.0,26,31,6
Georges Niang,6,453,8853.0,26,31,6
Gerald Glass,3,186,3276.0,23,25,3
Gerald Green,11,620,12650.0,20,33,14
Gerald Henderson,18,1290,31795.0,23,35,13
Gerald Wallace,11,709,23678.0,20,31,12
Gerald Wilkins,12,897,26056.0,22,34,13
Gheorghe Mureșan,4,276,6461.0,22,25,4
Giannis Antetokounmpo,12,859,28234.0,19,30,12
Gilbert Arenas,8,520,18652.0,20,29,10
Glen Davis,8,514,10865.0,22,29,8
Glen Gondrezick,6,435,7545.0,22,27,6
Glen Rice,14,982,34723.0,22,35,14
Glenn Robinson,10,679,25189.0,22,31,10
Glenn Robinson III,6,269,5038.0,22,27,6
Goga Bitadze,5,265,4134.0,21,25,5
Goran Dragić,15,946,25604.0,22,36,15
Gordan Giriček,6,384,8824.0,25,30,6
Gordon Hayward,13,834,25649.0,20,33,14
Gorgui Dieng,9,584,12254.0,24,33,10
Grant Hill,16,1008,34131.0,22,40,19
Grant Long,15,1003,28514.0,22,36,15
Grant Williams,5,364,8231.0,21,25,5
Granville Waiters,3,184,2277.0,23,26,4
Grayson Allen,7,403,10227.0,23,29,7
Greg Anderson,8,584,13298.0,23,32,10
Greg Anthony,11,757,15850.0,24,34,11
Greg Ballard,10,800,22058.0,23,32,10
Greg Buckner,10,570,10895.0,23,32,10
Greg Foster,9,542,7182.0,22,34,13
Greg Graham,3,173,2277.0,23,25,3
Greg Grant,4,238,3092.0,23,29,7
Greg Kelser,5,295,5918.0,22,26,5
Greg Kite,8,515,8918.0,25,32,8
Greg Minor,5,277,5144.0,23,27,5
Greg Monroe,9,632,17475.0,20,28,9
Greg Ostertag,10,700,14197.0,22,32,11
Greg Stiemsma,3,186,2982.0,26,28,3
Greivis Vásquez,6,398,9481.0,24,29,6
Gus Gerard,3,195,2807.0,23,26,4
Gus Williams,10,748,23917.0,23,33,11
Gustavo Ayón,3,135,2251.0,26,28,3
Hakeem Olajuwon,18,1238,44222.0,22,39,18
Hakim Warrick,8,526,10624.0,23,30,8
Hamidou Diallo,5,263,4913.0,20,24,5
Harold Miner,3,181,3612.0,21,23,3
Harold Pressley,4,299,6802.0,23,26,4
Harrison Barnes,13,993,31036.0,20,32,13
Harvey Catchings,9,613,10923.0,25,33,9
Harvey Grant,11,783,20510.0,23,33,11
Hassan Whiteside,8,492,12534.0,25,32,8
Haywood Highsmith,3,194,4153.0,26,28,3
Haywoode Workman,5,313,6755.0,25,33,9
Hedo Türkoğlu,14,986,26506.0,21,35,15
Henry Bibby,5,400,10842.0,27,31,5
Henry James,3,155,2316.0,25,31,7
Henry Walker,4,152,2800.0,22,27,6
Herb Williams,15,1048,28088.0,23,37,15
Herbert Jones,4,240,7255.0,23,26,4
Hersey Hawkins,13,983,32034.0,22,34,13
Hilton Armstrong,4,224,2793.0,22,25,4
Hollis Thompson,4,265,6424.0,22,25,4
Horace Grant,16,1160,38536.0,22,38,17
Hot Rod Williams,13,887,26327.0,24,36,13
Howard Eisley,12,786,16013.0,22,33,12
Hubert Davis,10,625,14737.0,22,31,10
Ian Clark,3,211,3565.0,25,27,3
Ian Mahinmi,9,530,9677.0,25,33,9
Ike Diogu,4,194,2566.0,22,27,6
Iman Shumpert,7,432,10942.0,21,28,8
Ime Udoka,4,284,5439.0,29,32,4
Immanuel Quickley,5,324,8292.0,21,25,5
Ira Newble,5,302,6979.0,27,33,7
Isaac Austin,6,341,7731.0,27,32,6
Isaac Okoro,5,334,8746.0,20,24,5
Isaiah Canaan,6,235,4799.0,22,27,6
Isaiah Hartenstein,6,351,7153.0,21,26,6
Isaiah Jackson,3,158,2354.0,20,22,3
Isaiah Joe,4,280,5053.0,22,25,4
Isaiah Rider,8,553,17678.0,22,29,8
Isaiah Roby,3,148,2847.0,22,24,3
Isaiah Stewart,5,307,7542.0,19,23,5
Isaiah Thomas,9,535,15334.0,22,32,11
Ish Smith,11,684,14346.0,22,35,14
Isiah Thomas,13,979,35516.0,20,32,13
Ivica Zubac,8,541,13024.0,19,27,9
J.J. Barea,13,798,16096.0,23,35,13
J.J. Hickson,8,534,11925.0,20,27,8
J.R. Reid,10,666,15331.0,21,31,11
J.R. Smith,14,960,25974.0,19,32,14
JJ Redick,14,906,23688.0,22,36,15
JT Thor,3,152,1999.0,20,22,3
Ja Morant,5,298,9483.0,20,25,6
JaKarr Sampson,5,232,3422.0,21,27,7
JaMychal Green,8,520,10769.0,25,32,8
JaVale McGee,11,674,12549.0,21,34,14
Jabari Parker,6,285,8258.0,19,24,6
Jabari Smith Jr.,3,212,6591.0,19,21,3
Jabari Walker,3,188,3068.0,20,22,3
Jack Sikma,14,1107,36943.0,22,35,14
Jacque Vaughn,9,682,11860.0,24,32,9
Jaden Hardy,3,178,2604.0,20,22,3
Jaden Ivey,3,181,5419.0,20,22,3
Jaden McDaniels,5,366,10449.0,20,24,5
Jae Crowder,11,785,19718.0,22,33,12
Jae'Sean Tate,5,296,6395.0,25,29,5
Jahidi White,4,281,5357.0,23,27,5
Jahlil Okafor,6,247,4827.0,20,25,6
Jake LaRavia,3,136,2569.0,21,23,3
Jake Layman,3,139,2459.0,24,26,3
Jake Tsakalidis,6,284,4727.0,21,27,7
Jake Voskuhl,5,314,5314.0,24,29,6
Jakob Poeltl,9,595,13320.0,21,29,9
Jalen Brunson,7,487,14240.0,22,28,7
Jalen Duren,3,206,5481.0,19,21,3
Jalen Green,4,307,10038.0,19,22,4
Jalen Johnson,3,162,4215.0,21,23,3
Jalen McDaniels,4,232,4250.0,23,26,4
Jalen Rose,12,894,27679.0,22,33,12
Jalen Smith,4,244,4213.0,21,24,4
Jalen Suggs,4,211,5580.0,20,23,4
Jalen Williams,3,215,6736.0,21,23,3
Jamaal Magloire,9,595,13818.0,22,33,12
Jamaal Tinsley,10,539,14333.0,23,34,12
Jamaal Wilkes,9,651,21849.0,23,31,9
Jamal Crawford,19,1326,38988.0,20,38,19
Jamal Mashburn,9,574,21363.0,21,30,10
Jamal Murray,8,536,16796.0,19,27,9
Jamario Moon,4,278,6328.0,27,30,4
Jameer Nelson,14,878,24539.0,22,35,14
James Anderson,5,247,4320.0,21,26,6
James Bailey,9,595,11625.0,22,30,9
James Donaldson,13,951,26128.0,23,37,15
James Edwards,16,1098,27512.0,22,38,17
James Ennis III,7,388,7966.0,24,30,7
James Harden,16,1151,40011.0,20,35,16
James Hardy,4,249,5379.0,22,25,4
James Johnson,13,747,15315.0,22,34,13
James Jones,10,569,10007.0,24,34,11
James Posey,12,864,23260.0,23,34,12
James Robinson,6,375,6885.0,23,28,6
James Silas,5,320,8322.0,27,32,6
James Singleton,3,178,2614.0,24,28,5
James Wiseman,3,147,2794.0,19,22,4
James Worthy,12,926,30001.0,21,32,12
Jamie Feick,4,195,4167.0,22,25,4
Jan Veselý,3,162,2455.0,21,23,3
Jan van Breda Kolff,6,421,10092.0,25,30,6
Jannero Pargo,9,461,7134.0,23,33,11
Jared Dudley,12,847,19672.0,22,33,12
Jared Jeffries,10,591,13229.0,21,30,10
Jared Sullinger,4,258,6414.0,20,23,4
Jarell Martin,3,142,2599.0,21,23,3
Jaren Jackson,6,340,6518.0,25,32,8
Jaren Jackson Jr.,6,396,11381.0,19,25,7
Jarred Vanderbilt,5,281,6060.0,21,25,5
Jarrett Allen,8,568,16020.0,19,26,8
Jarrett Jack,12,865,24107.0,22,34,13
Jarron Collins,7,454,7899.0,23,29,7
Jarvis Hayes,7,427,9898.0,22,28,7
Jason Caffey,7,405,8500.0,23,29,7
Jason Collier,3,115,1852.0,24,27,4
Jason Collins,11,689,14687.0,23,34,12
Jason Hart,5,286,4817.0,25,29,5
Jason Kapono,7,458,8687.0,22,28,7
Jason Kidd,19,1391,50111.0,21,39,19
Jason Maxiell,9,592,11220.0,23,31,9
Jason Richardson,12,838,28825.0,21,32,12
Jason Smith,9,563,9554.0,21,30,10
Jason Terry,19,1410,42034.0,22,40,19
Jason Thompson,8,588,14819.0,22,29,8
Jason Williams,12,788,23188.0,23,35,13
Javonte Green,4,206,3730.0,27,31,5
Jawann Oldham,5,277,4861.0,26,30,5
Jaxson Hayes,6,367,6022.0,19,24,6
Jay Humphries,10,770,22861.0,22,31,10
Jay Vincent,9,576,15556.0,22,30,9
Jaylen Brown,9,603,18465.0,20,28,9
Jaylen Nowell,3,169,2986.0,21,23,3
Jaylin Williams,3,165,2595.0,20,22,3
Jayson Tatum,8,585,20185.0,19,26,8
Jayson Williams,7,411,9158.0,23,30,8
Jeff Cook,8,518,9697.0,23,31,9
Jeff Foster,10,718,15268.0,24,34,11
Jeff Grayer,7,422,8043.0,24,31,8
Jeff Green,17,1217,33257.0,21,38,18
Jeff Hornacek,14,1077,33964.0,23,36,14
Jeff Judkins,3,208,2861.0,22,24,3
Jeff Lamp,4,251,3288.0,22,26,5
Jeff Malone,12,886,29000.0,22,34,13
Jeff McInnis,10,563,15810.0,24,33,10
Jeff Ruland,5,303,10708.0,23,27,5
Jeff Taylor,4,176,3340.0,23,25,3
Jeff Teague,12,826,22164.0,21,32,12
Jeff Turner,9,599,11052.0,22,32,11
Jeff Wilkins,6,454,10004.0,25,30,6
Jelani McCoy,4,221,3587.0,21,25,5
Jerami Grant,11,719,20054.0,20,30,11
Jeremiah Robinson-Earl,3,158,3140.0,21,24,4
Jeremy Lamb,9,550,11749.0,21,29,9
Jeremy Lin,7,450,11908.0,23,30,8
Jeremy Sochan,3,184,5015.0,19,21,3
Jerian Grant,4,273,4918.0,23,26,4
Jericho Sims,4,191,2584.0,23,26,4
Jermaine Jackson,3,98,1069.0,25,28,4
Jermaine O'Neal,17,975,27053.0,18,35,18
Jerome James,4,252,4035.0,26,29,4
Jerome Kersey,17,1153,28115.0,22,38,17
Jerome Lane,3,183,2889.0,22,24,3
Jerome Whitehead,10,648,11676.0,23,32,10
Jerome Williams,8,554,12578.0,24,31,8
Jerrod Mustaf,3,146,1706.0,21,23,3
Jerry Reynolds,6,369,7680.0,24,29,6
Jerry Sichting,9,551,12282.0,25,33,9
Jerry Stackhouse,15,923,29737.0,21,38,18
Jerryd Bayless,10,583,12415.0,20,30,11
Jevon Carter,6,376,5958.0,23,28,6
Jim Brewer,6,457,9170.0,25,30,6
Jim Chones,6,469,13957.0,27,32,6
Jim Cleamons,4,297,8233.0,27,30,4
Jim Farmer,3,102,1268.0,24,26,3
Jim Jackson,14,885,29067.0,22,35,14
Jim Les,3,190,2992.0,27,29,3
Jim McElroy,6,367,9044.0,23,28,6
Jim McIlvaine,5,328,5200.0,23,27,5
Jim McMillian,3,171,4413.0,28,30,3
Jim Paxson,11,784,21357.0,22,32,11
Jim Petersen,7,464,9633.0,22,28,7
Jim Price,3,239,4964.0,27,29,3
Jim Spanarkel,4,252,5236.0,22,25,4
Jimmer Fredette,4,229,3130.0,22,25,4
Jimmy Butler,13,827,28431.0,23,35,13
Jiří Welsch,3,210,4362.0,24,26,3
Jo Jo White,4,282,9364.0,30,33,4
Joakim Noah,11,660,18556.0,22,33,12
Jock Landale,4,221,2831.0,26,29,4
Jodie Meeks,8,528,11963.0,22,30,9
Joe Barry Carroll,9,694,22742.0,22,31,10
Joe Bryant,7,531,11642.0,22,28,7
Joe Dumars,14,1018,35139.0,22,35,14
Joe Harris,6,418,11197.0,25,31,7
Joe Hassett,3,183,2636.0,24,26,3
Joe Ingles,10,704,17371.0,27,36,10
Joe Johnson,17,1276,44234.0,20,36,17
Joe Kleine,13,912,14284.0,24,37,14
Joe Meriweather,8,571,12385.0,23,31,9
Joe Smith,14,950,26361.0,20,33,14
Joe Wolf,7,447,8351.0,23,33,11
Joel Anthony,5,308,5680.0,25,29,5
Joel Embiid,8,433,13833.0,22,29,8
Joel Kramer,3,218,3177.0,23,25,3
Joel Przybilla,10,530,11048.0,22,32,11
Joey Graham,5,339,5786.0,23,28,6
Joffrey Lauvergne,3,153,2289.0,23,25,3
Johan Petro,8,473,7262.0,20,27,8
John Amaechi,4,244,4337.0,25,31,7
John Bagley,9,652,17010.0,22,31,10
John Battle,9,548,10271.0,24,32,9
John Brown,4,261,4649.0,25,28,4
John Collins,8,472,13739.0,20,27,8
John Crotty,7,349,4795.0,25,32,8
John Drew,8,565,16725.0,22,29,8
John Duren,3,201,2947.0,22,24,3
John Gianelli,3,240,6297.0,26,28,3
John Henson,7,431,8564.0,22,29,8
John Jenkins,4,154,2012.0,21,27,7
John Johnson,5,399,10804.0,29,33,5
John Konchar,5,288,5092.0,24,28,5
John Lambert,5,329,4676.0,25,29,5
John Long,14,893,22680.0,22,40,19
John Lucas,14,928,25556.0,23,36,14
John Lucas III,4,175,2416.0,29,32,4
John Mengelt,4,253,5037.0,27,30,4
John Morton,3,128,1879.0,22,24,3
John Paxson,10,723,16799.0,24,33,10
John Roche,3,147,3398.0,30,32,3
John Salley,10,703,16221.0,22,31,10
John Salmons,12,831,23168.0,24,35,12
John Shumate,4,243,7225.0,24,28,5
John Starks,12,830,23198.0,25,36,12
John Stockton,19,1504,47764.0,22,40,19
John Wall,11,647,22588.0,20,32,13
John Wallace,6,344,5775.0,22,27,6
John Williams,7,417,10320.0,20,28,9
John Williamson,4,279,9037.0,25,28,4
Johnny Davis,12,828,22236.0,20,30,11
Johnny Dawkins,8,537,14735.0,23,31,9
Johnny High,4,274,4538.0,22,26,5
Johnny Moore,7,462,12853.0,22,28,7
Johnny Newman,16,1159,28435.0,23,38,16
Johnny O'Bryant,3,136,1604.0,21,24,4
Jon Barry,13,772,13506.0,23,36,14
Jon Koncak,11,784,16409.0,22,32,11
Jon Leuer,5,300,5220.0,22,27,6
Jon Sundvold,7,475,8578.0,22,28,7
Jonas Jerebko,9,635,11323.0,22,31,10
Jonas Valančiūnas,13,937,23558.0,20,32,13
Jonathan Bender,4,170,3029.0,21,29,9
Jonathan Isaac,5,265,5516.0,20,27,8
Jonathan Kuminga,4,258,5672.0,19,22,4
Jonathon Simmons,4,258,5298.0,26,29,4
Jonny Flynn,3,163,3738.0,20,22,3
Jordan Clarkson,11,753,20823.0,22,32,11
Jordan Crawford,4,257,6348.0,22,25,4
Jordan Farmar,8,490,9514.0,20,28,9
Jordan Goodwin,3,148,2704.0,24,26,3
Jordan Hill,7,402,7645.0,22,28,7
Jordan McLaughlin,5,242,3734.0,23,27,5
Jordan McRae,3,101,1501.0,25,28,4
Jordan Nwora,3,176,3085.0,23,25,3
Jordan Poole,6,412,11350.0,20,25,6
Jose Alvarado,4,227,4538.0,23,26,4
Josh Boone,4,256,4482.0,22,25,4
Josh Childress,6,373,10308.0,21,28,8
Josh Giddey,4,280,8195.0,19,22,4
Josh Green,5,291,6415.0,20,24,5
Josh Hart,8,530,16129.0,22,29,8
Josh Howard,8,478,14734.0,23,31,9
Josh Jackson,5,291,6718.0,20,24,5
Josh McRoberts,7,373,7662.0,22,29,8
Josh Okogie,7,416,7952.0,20,26,7
Josh Powell,4,215,3013.0,23,28,6
Josh Richardson,9,546,15665.0,22,30,9
Josh Smith,12,891,28988.0,19,30,12
José Calderón,14,895,23643.0,24,37,14
Jrue Holiday,16,1037,34159.0,19,34,16
Juan Dixon,7,436,8509.0,24,30,7
Juan Toscano-Anderson,3,178,2801.0,27,29,3
Juancho Hernangómez,7,339,5269.0,21,27,7
Jud Buechler,9,534,6915.0,22,33,12
Julian Wright,4,231,3049.0,20,23,4
Julius Erving,11,836,28677.0,26,36,11
Julius Randle,10,709,22724.0,21,30,10
Jumaine Jones,5,378,9131.0,21,26,6
Junior Bridgeman,11,768,19611.0,23,33,11
Junior Harrington,3,140,3096.0,22,26,5
Justin Anderson,3,168,2394.0,22,24,3
Justin Holiday,10,671,15575.0,25,34,10
Justin Jackson,4,248,4742.0,22,25,4
Justise Winslow,6,315,7928.0,19,26,8
Jusuf Nurkić,10,582,14094.0,20,30,11
Juwan Howard,16,1123,36060.0,21,37,17
KJ Martin,5,309,6674.0,20,24,5
Kareem Abdul-Jabbar,13,1011,34113.0,29,41,13
Kareem Rush,5,314,5699.0,22,27,6
Karl Malone,19,1476,54852.0,22,40,19
Karl-Anthony Towns,10,645,21972.0,20,29,10
Kawhi Leonard,12,724,23073.0,20,33,14
Keegan Murray,3,233,7580.0,22,24,3
Keita Bates-Diop,5,253,4320.0,23,28,6
Keith Askins,7,410,7398.0,24,31,8
Keith Bogans,9,660,14378.0,23,32,10
Keith Lee,3,182,2907.0,23,26,4
Keith McLeod,4,200,3723.0,24,27,4
Keldon Johnson,5,353,10299.0,21,25,5
Kelenna Azubuike,3,196,4776.0,23,25,3
Kelly Olynyk,12,800,18000.0,22,33,12
Kelly Oubre Jr.,10,655,17742.0,20,29,10
Kelly Tripucka,10,707,20959.0,22,31,10
Kelvin Cato,9,523,10522.0,23,31,9
Kelvin Ransey,6,474,11586.0,22,27,6
Kemba Walker,11,741,24666.0,21,31,11
Ken Bannister,3,197,3398.0,24,29,6
Ken Norman,9,629,18772.0,23,31,9
Kendall Gill,14,952,29197.0,22,35,14
Kendall Marshall,4,160,3083.0,21,24,4
Kendrick Nunn,3,193,4576.0,24,27,4
Kendrick Perkins,11,711,16564.0,21,31,11
Kenneth Faried,8,478,11728.0,22,29,8
Kenny Anderson,14,858,25868.0,21,34,14
Kenny Carr,10,674,17167.0,22,31,10
Kenny Fields,3,177,2538.0,22,24,3
Kenny Gattison,8,492,9918.0,22,31,10
Kenny Higgs,3,216,4435.0,24,27,4
Kenny Smith,10,737,22213.0,22,31,10
Kenny Thomas,10,624,17244.0,22,32,11
Kenny Walker,7,448,9050.0,22,30,9
Kenrich Williams,7,391,7776.0,24,30,7
Kent Bazemore,9,596,13279.0,24,32,9
Kent Benson,10,678,15707.0,23,32,10
Kentavious Caldwell-Pope,12,912,27036.0,20,31,12
Kenyon Martin,12,726,22536.0,23,36,14
Keon Clark,5,351,7944.0,23,27,5
Keon Johnson,3,156,3038.0,19,22,4
Kermit Washington,6,365,10918.0,25,30,6
Kerry Kittles,7,496,16686.0,22,29,8
Kessler Edwards,3,124,1980.0,21,24,4
Kevin Duckworth,10,676,17404.0,22,32,11
Kevin Durant,17,1123,41237.0,19,36,18
Kevin Edwards,10,590,14866.0,23,35,13
Kevin Gamble,8,596,14114.0,24,31,8
Kevin Garnett,21,1462,50418.0,19,39,21
Kevin Grevey,9,616,14742.0,23,31,9
Kevin Huerter,7,482,13566.0,20,26,7
Kevin Johnson,11,729,24948.0,21,31,11
Kevin Knox,5,276,5300.0,19,24,6
Kevin Kunnert,5,318,6965.0,25,30,6
Kevin Love,16,934,26887.0,20,36,17
Kevin Martin,12,714,21559.0,21,32,12
Kevin McHale,13,971,30118.0,23,35,13
Kevin McKenna,5,207,3223.0,25,29,5
Kevin Ollie,9,548,9477.0,25,37,13
Kevin Porter,5,396,12065.0,26,30,5
Kevin Porter Jr.,5,271,7410.0,19,24,6
Kevin Restani,6,392,6709.0,25,30,6
Kevin Stacom,3,202,2888.0,25,27,3
Kevin Séraphin,7,423,6430.0,21,27,7
Kevin Williams,3,195,2334.0,25,27,3
Kevin Willis,19,1371,37946.0,22,42,21
Kevon Looney,8,541,9841.0,21,28,8
Keyon Dooling,11,707,13897.0,20,31,12
Khalid Reeves,4,263,5677.0,22,25,4
Khem Birch,5,262,4663.0,25,29,5
Khris Middleton,13,776,23823.0,21,33,13
Kiki Vandeweghe,13,810,24521.0,22,34,13
Killian Hayes,4,210,5479.0,19,22,4
Kim Hughes,4,288,5229.0,24,27,4
Kirk Hinrich,13,879,27015.0,23,35,13
Kirk Snyder,4,211,3540.0,21,24,4
Klay Thompson,12,865,27809.0,21,34,14
Kobe Bryant,19,1340,48460.0,18,37,20
Kosta Koufos,9,600,10665.0,19,29,11
Kris Dunn,7,389,9116.0,22,30,9
Kris Humphries,11,709,13348.0,19,31,13
Kristaps Porziņģis,9,501,15406.0,20,29,10
Kurt Nimphius,7,526,11127.0,23,29,7
Kurt Rambis,13,854,16104.0,23,35,13
Kurt Thomas,16,1087,26713.0,23,40,18
Kwame Brown,11,598,13202.0,19,30,12
Kyle Anderson,11,714,15324.0,21,31,11
Kyle Korver,17,1232,31183.0,22,38,17
Kyle Kuzma,8,541,16855.0,22,29,8
Kyle Lowry,18,1163,36505.0,21,38,18
Kyle Macy,7,551,14246.0,23,29,7
Kyle O'Quinn,7,427,6343.0,22,29,8
Kyle Singler,5,344,7735.0,24,28,5
Kyrie Irving,14,779,26879.0,19,32,14
LaBradford Smith,3,183,3131.0,22,24,3
LaMarcus Aldridge,16,1076,36242.0,21,36,16
LaMelo Ball,5,231,7375.0,19,23,5
LaPhonso Ellis,10,618,17558.0,22,32,11
LaSalle Thompson,13,929,20816.0,21,34,14
Lamar Odom,14,961,32131.0,20,33,14
Lamar Stevens,4,203,3193.0,23,26,4
Lamond Murray,11,736,18477.0,21,32,12
Lancaster Gordon,3,193,2516.0,22,24,3
Lance Stephenson,8,524,12204.0,21,31,11
Lance Thomas,7,387,7183.0,23,30,8
Landry Fields,4,229,5794.0,22,25,4
Landry Shamet,7,398,8389.0,21,27,7
Langston Galloway,7,445,9733.0,23,29,7
Laron Profit,3,102,1312.0,23,28,6
Larry Bird,12,891,34254.0,23,35,13
Larry Drew,10,714,18370.0,22,32,11
Larry Hughes,12,718,22254.0,20,31,12
Larry Johnson,10,707,25685.0,22,31,10
Larry Kenon,7,503,15517.0,24,30,7
Larry Krystkowiak,6,382,8418.0,22,29,8
Larry Nance,13,920,30697.0,22,34,13
Larry Nance Jr.,10,546,12587.0,23,32,10
Larry Sanders,5,233,4622.0,22,26,5
Larry Smith,13,883,22879.0,23,35,13
Larry Steele,3,218,4300.0,27,29,3
Larry Stewart,3,227,5034.0,23,28,6
Larry Wright,5,342,6828.0,22,26,5
Latrell Sprewell,12,899,34723.0,22,34,13
Lauri Markkanen,8,450,13958.0,20,27,8
Lavoy Allen,6,388,6905.0,22,27,6
Lawrence Funderburke,5,289,4476.0,27,31,5
LeBron James,22,1562,59041.0,19,40,22
Leandro Barbosa,14,850,18386.0,21,34,14
Ledell Eackles,7,441,8917.0,22,31,10
Lee Mayberry,6,487,10211.0,22,27,6
Lee Nailon,6,306,5820.0,25,30,6
Len Elmore,7,499,8338.0,25,31,7
Leon Douglas,6,451,10065.0,22,27,6
Leon Powe,5,239,3320.0,23,27,5
Leon Wood,3,196,3840.0,23,25,3
Lester Conner,9,622,14397.0,23,33,11
Lewis Lloyd,5,351,9188.0,23,27,5
Linas Kleiza,6,348,7666.0,22,28,7
Lindsey Hunter,14,872,22650.0,23,36,14
Lindy Waters III,3,118,1774.0,24,27,4
Linton Johnson,3,131,1978.0,23,26,4
Lionel Hollins,8,567,16346.0,23,31,9
Lionel Simmons,7,454,13472.0,22,28,7
Lloyd Daniels,4,194,3467.0,25,29,5
Lloyd Walton,5,341,5387.0,23,27,5
Lonnie Shelton,9,659,18090.0,21,30,10
Lonnie Walker IV,6,325,6907.0,21,26,6
Lonzo Ball,6,287,8964.0,20,27,8
Loren Woods,3,110,1542.0,25,27,3
Lorenzen Wright,11,743,18249.0,21,31,11
Lorenzo Romar,4,282,5137.0,22,25,4
Lorenzo Williams,3,185,4905.0,24,26,3
Lou Amundson,5,314,4593.0,26,32,7
Lou Hudson,3,218,5714.0,32,34,3
Lou Williams,16,1093,26959.0,20,35,16
Louie Dampier,3,232,4431.0,32,34,3
Louis Orr,7,540,13173.0,22,28,7
Loy Vaught,9,636,16436.0,22,32,11
Luc Longley,10,567,12006.0,23,32,10
Luc Mbah a Moute,10,682,15952.0,22,31,10
Lucious Harris,12,800,15701.0,23,34,12
Lucius Allen,3,186,5042.0,29,31,3
Luguentz Dort,6,363,10619.0,20,25,6
Luis Scola,10,743,19001.0,27,36,10
Luka Dončić,7,450,15712.0,19,25,7
Luke Babbitt,7,357,5195.0,22,28,7
Luke Kennard,8,460,10759.0,21,28,8
Luke Kornet,7,338,5165.0,22,29,8
Luke Ridnour,12,830,21623.0,22,33,12
Luke Walton,8,481,8929.0,23,32,10
Luol Deng,14,901,30928.0,19,33,15
Luther Head,6,348,7797.0,23,28,6
M.L. Carr,7,497,13234.0,26,32,7
Mack Calvin,3,201,3198.0,29,32,4
Magic Johnson,13,906,33245.0,20,36,17
Mahmoud Abdul-Rauf,9,586,15628.0,21,31,11
Major Jones,4,270,4172.0,26,29,4
Malachi Flynn,4,213,3032.0,22,25,4
Malcolm Brogdon,9,463,13481.0,24,32,9
Malik Allen,7,397,6467.0,24,30,7
Malik Beasley,7,494,12991.0,22,28,7
Malik Monk,8,523,11943.0,19,26,8
Malik Rose,11,706,12450.0,24,34,11
Malik Sealy,8,493,11720.0,22,29,8
Manu Ginóbili,16,1057,26859.0,25,40,16
Manute Bol,8,605,11501.0,23,30,8
MarShon Brooks,3,158,2947.0,23,30,8
Marc Gasol,13,891,28719.0,24,36,13
Marc Iavaroni,7,531,8371.0,26,32,7
Marc Jackson,7,387,7572.0,26,32,7
Marcin Gortat,11,800,20650.0,24,34,11
Marco Belinelli,12,827,19307.0,22,33,12
Marcus Banks,6,323,5343.0,22,28,7
Marcus Camby,17,973,28684.0,22,38,17
Marcus Fizer,5,286,5993.0,22,26,5
Marcus Liberty,3,229,4283.0,22,24,3
Marcus Morris,12,815,21967.0,23,34,12
Marcus Smart,11,635,18726.0,20,30,11
Marcus Thornton,8,483,11299.0,22,29,8
Mardy Collins,4,189,2771.0,22,25,4
Mario Chalmers,9,646,17245.0,22,31,10
Mario Elie,11,732,18654.0,27,37,11
Mario Hezonja,5,330,6107.0,20,24,5
Mark Acres,5,357,5713.0,25,29,5
Mark Aguirre,13,923,27730.0,22,34,13
Mark Alarie,5,325,5500.0,23,27,5
Mark Blount,8,561,13566.0,25,33,9
Mark Bryant,11,675,12510.0,23,34,12
Mark Davis,4,226,3646.0,22,26,5
Mark Eaton,11,875,25169.0,26,36,11
Mark Hendrickson,3,99,1437.0,22,24,3
Mark Jackson,17,1296,39121.0,22,38,17
Mark Landsberger,5,363,6615.0,22,26,5
Mark Macon,5,244,4949.0,22,26,5
Mark Madsen,5,288,3954.0,26,30,5
Mark Olberding,11,865,21637.0,20,30,11
Mark Price,10,699,20862.0,22,33,12
Mark Strickland,5,242,3240.0,27,31,5
Mark West,14,1019,19779.0,24,38,15
Markelle Fultz,3,175,4684.0,21,25,5
Markieff Morris,11,733,17781.0,22,33,12
Marko Jarić,7,447,11246.0,24,30,7
Marques Johnson,9,671,23293.0,21,29,9
Marquese Chriss,5,290,5311.0,19,24,6
Marquis Daniels,10,548,11707.0,23,32,10
Marreese Speights,10,705,10640.0,21,30,10
Martell Webster,9,579,13909.0,19,28,10
Marty Byrnes,3,231,4060.0,22,26,5
Marty Conlon,5,306,5682.0,25,29,5
Marvin Bagley III,5,245,5868.0,19,24,6
Marvin Barnes,4,171,3718.0,24,27,4
Marvin Webster,8,564,12864.0,24,31,8
Marvin Williams,15,1072,30159.0,19,33,15
Mason Plumlee,12,860,18797.0,23,34,12
Matisse Thybulle,5,332,6957.0,22,26,5
Matt Barnes,14,929,21967.0,23,36,14
Matt Bonner,11,762,13150.0,24,34,11
Matt Bullard,10,597,8821.0,24,34,11
Matt Carroll,7,417,7393.0,24,31,8
Matt Geiger,9,548,12185.0,23,31,9
Matt Harpring,10,661,17521.0,22,32,11
Matt Maloney,4,266,7181.0,25,29,5
Matthew Dellavedova,7,434,8849.0,23,29,7
Maurice Cheeks,15,1101,34845.0,22,36,15
Maurice Evans,8,552,10873.0,26,33,8
Maurice Harkless,10,621,14019.0,19,28,10
Maurice Lucas,12,855,24787.0,24,35,12
Maurice Taylor,8,522,13221.0,21,29,9
Max Christie,3,186,3583.0,19,21,3
Max Strus,5,307,7878.0,24,28,5
Maxi Kleber,8,440,9827.0,26,33,8
Mehmet Okur,8,604,17807.0,23,30,8
Melvin Ely,8,373,5978.0,24,32,9
Melvin Turpin,5,361,6871.0,24,29,6
Metta World Peace,15,959,30989.0,20,36,17
Meyers Leonard,6,371,6520.0,20,27,8
Michael Adams,10,635,20307.0,24,33,10
Michael Beasley,11,609,13903.0,20,30,11
Michael Brooks,4,293,9091.0,22,25,4
Michael Cage,15,1140,29716.0,23,38,16
Michael Carter-Williams,8,391,9898.0,22,29,8
Michael Cooper,11,870,23628.0,23,33,11
Michael Curry,9,639,12916.0,27,35,9
Michael Dickerson,3,202,7279.0,23,25,3
Michael Doleac,10,587,8789.0,21,30,10
Michael Finley,15,1103,37996.0,22,36,15
Michael Holton,4,251,5248.0,23,27,5
Michael Jordan,13,1037,39892.0,21,39,19
Michael Kidd-Gilchrist,7,439,10773.0,19,26,8
Michael Olowokandi,8,476,12895.0,23,30,8
Michael Porter Jr.,5,336,9771.0,21,26,6
Michael Ray Richardson,8,556,18589.0,23,30,8
Michael Redd,9,595,19443.0,22,32,11
Michael Ruffin,6,358,5491.0,23,31,9
Michael Smith,7,449,10552.0,22,28,7
Micheal Williams,5,327,9652.0,23,27,5
Mickaël Gelabale,3,145,2348.0,23,29,7
Mickaël Piétrus,9,538,11564.0,21,29,9
Mickey Johnson,10,785,22324.0,24,33,10
Mikal Bridges,7,556,18514.0,22,28,7
Mike Bantom,6,475,13933.0,25,30,6
Mike Bibby,14,1001,33962.0,20,33,14
Mike Bratz,7,538,10204.0,22,29,8
Mike Brown,8,584,10503.0,23,30,8
Mike Conley,17,1160,36224.0,20,37,18
Mike Dunleavy,20,1348,34269.0,22,36,15
Mike Evans,9,591,9858.0,24,32,9
Mike Gale,6,453,11189.0,26,31,6
Mike Glenn,9,589,9583.0,22,30,9
Mike Gminski,13,904,23807.0,21,34,14
Mike Green,4,245,5410.0,25,28,4
Mike James,9,590,14689.0,27,37,11
Mike McGee,6,428,8258.0,24,29,6
Mike Miller,15,965,27288.0,20,34,15
Mike Mitchell,10,759,24537.0,23,32,10
Mike Muscala,10,488,7674.0,22,32,11
Mike Newlin,6,436,12056.0,28,33,6
Mike O'Koren,6,388,8635.0,22,27,6
Mike Sanders,11,648,12391.0,22,32,11
Mike Scott,7,497,8611.0,25,32,8
Mike Sweetney,3,185,3225.0,21,23,3
Mike Woodson,10,771,19850.0,22,31,10
Mikki Moore,9,517,9873.0,24,34,11
Miles Bridges,6,424,13070.0,20,26,7
Miles McBride,3,196,3681.0,22,24,3
Miles Plumlee,5,314,5430.0,25,29,5
Milt Palacio,6,417,8027.0,22,27,6
Mirza Teletović,4,261,5107.0,28,31,4
Mitch Kupchak,8,476,9581.0,22,31,10
Mitch Richmond,14,976,34309.0,23,36,14
Mitchell Butler,5,284,4703.0,23,33,11
Mitchell Robinson,6,320,7832.0,20,25,6
Mitchell Wiggins,6,389,8105.0,24,32,9
Mo Bamba,7,364,6115.0,20,26,7
Mo Williams,13,818,23872.0,21,33,13
Monta Ellis,12,833,29011.0,20,31,12
Monte Morris,7,417,9783.0,23,29,7
Montrezl Harrell,7,476,10166.0,23,29,7
Monty Williams,7,424,7434.0,23,31,9
Moochie Norris,5,342,6627.0,26,30,5
Mookie Blaylock,13,889,31026.0,22,34,13
Moritz Wagner,7,363,6051.0,21,27,7
Morlon Wiley,4,185,2853.0,23,26,4
Morris Peterson,10,707,19343.0,23,32,10
Moses Malone,17,1301,44818.0,21,38,18
Moses Moody,4,255,4229.0,19,22,4
Muggsy Bogues,12,880,25318.0,23,35,13
Mychal Thompson,12,935,27764.0,24,36,13
Myles Turner,10,642,18454.0,19,28,10
Naji Marshall,5,299,6403.0,23,27,5
Nassir Little,5,237,3735.0,19,23,5
Nate McMillan,11,778,20183.0,22,32,11
Nate Robinson,10,616,13855.0,21,30,10
Nate Williams,3,233,4324.0,26,28,3
Naz Reid,6,406,8472.0,20,25,6
Nazr Mohammed,12,804,14530.0,23,35,13
Negele Knight,5,270,4457.0,23,27,5
Nemanja Bjelica,7,449,9172.0,27,33,7
Nenad Krstić,7,419,10547.0,21,27,7
Nenê,15,948,24968.0,20,36,17
Nerlens Noel,8,450,10086.0,20,27,8
Nic Claxton,5,296,7837.0,21,25,5
Nick Anderson,11,764,24534.0,22,32,11
Nick Collison,12,875,18400.0,24,35,12
Nick Richards,3,189,4232.0,25,27,3
Nick Van Exel,13,880,28969.0,22,34,13
Nick Weatherspoon,4,242,6034.0,26,29,4
Nick Young,11,716,16382.0,22,32,11
Nickeil Alexander-Walker,6,381,7942.0,21,26,6
Nicolas Batum,17,1131,32635.0,20,36,17
Nik Stauskas,5,335,6662.0,21,25,5
Nikola Jokić,10,745,23649.0,20,29,10
Nikola Mirotić,5,319,7718.0,23,27,5
Nikola Peković,5,259,6588.0,25,29,5
Nikola Vučević,14,972,30503.0,21,34,14
Noah Vonleh,6,335,5672.0,19,24,6
Norm Nixon,10,768,27250.0,22,33,12
Norman Powell,10,617,14938.0,22,31,10
Norris Cole,5,347,7893.0,23,27,5
O.J. Mayo,8,547,16919.0,21,28,8
OG Anunoby,8,492,14854.0,20,27,8
Obi Toppin,5,362,6238.0,22,26,5
Ochai Agbaji,3,201,4589.0,22,24,3
Olden Polynice,14,1056,24872.0,23,36,14
Oliver Miller,8,489,11303.0,22,33,12
Ollie Johnson,4,313,6359.0,27,30,4
Omri Casspi,10,588,11959.0,21,30,10
Onyeka Okongwu,5,307,6911.0,20,24,5
Orlando Woolridge,12,832,23419.0,22,34,13
Oshae Brissett,4,208,3796.0,22,25,4
Othella Harrington,10,661,13538.0,23,32,10
Otis Birdsong,10,676,21392.0,22,32,11
Otis Smith,5,347,7552.0,24,28,5
Otis Thorpe,17,1257,39822.0,22,38,17
Otto Porter Jr.,7,453,12430.0,21,28,8
Ousmane Dieng,3,109,1339.0,19,21,3
P.J. Brown,14,1071,33614.0,24,37,14
P.J. Tucker,12,866,24852.0,27,38,12
P.J. Washington,6,390,11917.0,21,26,6
Pablo Prigioni,4,270,4566.0,35,38,4
Pace Mannion,3,115,1434.0,25,27,3
Paolo Banchero,3,198,6811.0,20,22,3
Pascal Siakam,9,629,19637.0,22,30,9
Pat Connaughton,8,522,10980.0,25,32,8
Pat Cummings,11,679,14490.0,23,33,11
Pat Garrity,7,486,10479.0,22,29,8
Patrick Beverley,11,655,17355.0,24,35,12
Patrick Ewing,17,1183,40594.0,23,39,17
Patrick McCaw,4,194,3340.0,21,24,4
Patrick Patterson,11,719,14923.0,21,31,11
Patrick Williams,4,259,7056.0,19,23,5
Patty Mills,14,895,18017.0,22,36,15
Pau Gasol,18,1226,41001.0,21,38,18
Paul George,14,902,30425.0,20,34,15
Paul Griffin,7,480,10053.0,23,29,7
Paul Millsap,16,1085,30499.0,21,36,16
Paul Mokeski,9,572,8679.0,24,33,10
Paul Pierce,19,1343,45880.0,21,39,19
Paul Pressey,10,706,19391.0,24,33,10
Paul Silas,4,327,7683.0,33,36,4
Paul Thompson,3,154,3105.0,22,24,3
Paul Westphal,7,499,14308.0,26,33,8
Payton Pritchard,5,347,7008.0,23,27,5
Pearl Washington,3,194,4044.0,23,25,3
Peja Stojaković,12,791,26541.0,21,33,13
Pervis Ellison,8,429,11159.0,22,30,9
Pete Chilcutt,8,510,7743.0,23,31,9
Pete Maravich,4,215,7870.0,29,32,4
Pete Myers,5,298,5471.0,24,32,9
Pete Verhoeven,3,180,2483.0,22,26,5
Phil Chenier,4,184,5014.0,26,29,4
Phil Ford,7,482,13503.0,22,28,7
Phil Hubbard,9,634,15672.0,23,31,9
Phil Jackson,3,198,2757.0,31,33,3
Phil Pressey,3,148,2015.0,22,24,3
Phil Smith,7,503,15318.0,24,30,7
Pooh Richardson,9,628,19269.0,23,31,9
Popeye Jones,6,432,11459.0,23,31,9
Precious Achiuwa,5,320,6396.0,21,25,5
Predrag Drobnjak,4,278,5542.0,26,29,4
Primož Brezec,3,209,5279.0,25,27,3
Purvis Short,12,842,24549.0,21,32,12
Quentin Grimes,4,243,5945.0,21,24,4
Quentin Richardson,12,782,20756.0,20,31,12
Quincy Acy,6,327,5269.0,22,27,6
Quincy Lewis,3,145,1788.0,22,24,3
Quincy Pondexter,4,264,4772.0,22,26,5
Quinn Buckner,10,719,16245.0,22,31,10
Quinn Cook,3,151,2307.0,24,26,3
Quintin Dailey,8,487,11773.0,22,29,8
Quinton Ross,6,422,8105.0,23,28,6
R.J. Hampton,3,162,3040.0,19,21,3
RJ Barrett,6,387,12814.0,19,24,6
Raef LaFrentz,7,495,13539.0,23,30,8
Rafael Addison,4,285,4826.0,22,30,9
Rafer Alston,10,634,19104.0,23,33,11
Raja Bell,10,695,19603.0,25,35,11
Rajon Rondo,16,957,28570.0,20,35,16
Ralph Sampson,8,446,13483.0,23,30,8
Ralph Simpson,3,210,3899.0,27,29,3
Ramon Sessions,10,674,15669.0,22,31,10
Randolph Keys,3,193,2904.0,23,29,7
Randy Breuer,8,586,11673.0,24,31,8
Randy Brown,8,498,10059.0,24,32,9
Randy Foye,11,752,19279.0,23,33,11
Randy White,4,263,5062.0,22,25,4
Randy Wittman,6,417,10580.0,24,29,6
Rashad McCants,4,249,5037.0,21,24,4
Rashard Lewis,15,1029,33396.0,20,34,15
Rasheed Wallace,16,1109,36243.0,21,38,18
Rasho Nesterović,10,767,17540.0,23,32,10
Rasual Butler,11,713,16409.0,23,35,13
Raul Neto,7,395,6419.0,23,30,8
Ray Allen,18,1300,46344.0,21,38,18
Ray McCallum,3,154,2808.0,22,24,3
Ray Williams,10,655,18462.0,23,32,10
Raymond Felton,13,942,28548.0,21,34,14
Reggie Bullock,8,433,11406.0,24,31,8
Reggie Evans,13,809,15572.0,22,34,13
Reggie Jackson,14,884,21859.0,21,34,14
Reggie Johnson,4,305,5979.0,23,26,4
Reggie King,6,438,11345.0,22,27,6
Reggie Lewis,5,401,14271.0,23,27,5
Reggie Miller,18,1389,47619.0,22,39,18
Reggie Slater,3,159,2754.0,26,30,5
Reggie Theus,13,1026,34603.0,21,33,13
Reggie Williams,12,723,18968.0,23,31,9
Renaldo Balkman,3,186,2796.0,22,24,3
Rex Chapman,12,666,19542.0,21,32,12
Rex Walters,5,249,3981.0,24,29,6
Rich Kelley,9,702,16041.0,23,31,9
Richard Anderson,5,356,5690.0,22,29,8
Richard Hamilton,14,921,29559.0,21,34,14
Richard Jefferson,16,1161,34130.0,21,36,16
Richard Washington,4,315,7400.0,21,25,5
Richaun Holmes,9,447,9012.0,22,31,10
Rick Barry,4,313,10310.0,32,35,4
Rick Brunson,3,158,2979.0,25,32,8
Rick Fox,13,930,23723.0,22,34,13
Rick Mahorn,14,1001,24758.0,22,39,18
Rick Robey,7,489,8776.0,23,30,8
Rickey Brown,5,340,4487.0,22,26,5
Rickey Green,14,946,23271.0,23,37,15
Ricky Davis,11,729,21857.0,19,30,12
Ricky Pierce,15,930,23400.0,24,38,15
Ricky Rubio,12,698,20694.0,21,32,12
Ricky Sobers,10,743,21094.0,24,33,10
Rik Smits,12,867,23100.0,22,33,12
Robert Covington,10,607,17300.0,24,33,10
Robert Horry,16,1107,27069.0,22,37,16
Robert Pack,10,498,10698.0,22,33,12
Robert Parish,20,1568,45298.0,23,42,20
Robert Reid,12,916,25072.0,22,34,13
Robert Sacre,3,157,2542.0,24,26,3
Robert Traylor,7,438,6243.0,21,27,7
Robert Williams,5,197,4352.0,22,27,6
Robin Lopez,14,939,20573.0,20,33,14
Rod Foster,3,207,3446.0,23,25,3
Rod Higgins,12,774,17143.0,23,34,12
Rod Strickland,16,1078,33438.0,22,37,16
Rodney Buford,4,208,4041.0,22,27,6
Rodney Carney,5,299,4600.0,22,26,5
Rodney Hood,8,448,10977.0,22,29,8
Rodney McCray,10,768,24876.0,22,31,10
Rodney McGruder,5,283,5665.0,25,31,7
Rodney Rogers,12,866,21873.0,22,33,12
Rodney Stuckey,10,651,17890.0,21,30,10
Rodney White,3,202,3225.0,22,24,3
Rodrigue Beaubois,4,182,2896.0,21,24,4
Roger Mason,8,439,8542.0,23,33,11
Roger Phegley,3,241,4964.0,23,25,3
Rolando Blackman,13,980,32087.0,22,34,13
Romeo Langford,3,123,1985.0,20,23,4
Ron Anderson,10,664,15112.0,26,35,10
Ron Boone,5,379,10795.0,30,34,5
Ron Brewer,8,501,12892.0,23,30,8
Ron Harper,15,1009,31199.0,23,37,15
Ron Lee,6,448,9586.0,24,29,6
Ron Mercer,7,414,13028.0,21,27,7
Ronald Murray,7,473,11015.0,24,30,7
Rondae Hollis-Jefferson,5,294,6652.0,21,25,5
Ronnie Brewer,7,478,11379.0,21,27,7
Ronnie Lester,3,183,4376.0,23,25,3
Ronnie Price,8,382,5858.0,25,32,8
Ronny Turiaf,7,431,7561.0,24,31,8
Rony Seikaly,10,669,21307.0,23,32,10
Rory Sparrow,11,821,22338.0,23,33,11
Rory White,4,259,4784.0,24,27,4
Roshown McLeod,3,113,2130.0,23,25,3
Roy Hibbert,9,662,16389.0,22,30,9
Roy Hinson,7,498,15452.0,22,28,7
Roy Tarpley,4,256,6714.0,22,30,9
Royal Ivey,7,421,5676.0,23,31,9
Royce O'Neale,8,600,15717.0,24,31,8
Ruben Patterson,9,625,15811.0,24,32,9
Rudy Fernández,4,249,5965.0,23,26,4
Rudy Gay,17,1120,34561.0,20,36,17
Rudy Gobert,11,784,24996.0,22,32,11
Rudy Tomjanovich,5,292,9718.0,28,32,5
Rui Hachimura,6,337,9345.0,21,26,6
Rumeal Robinson,5,282,5590.0,24,29,6
Russ Schoene,3,227,2969.0,22,28,7
Russell Westbrook,17,1237,41173.0,20,36,17
Ryan Anderson,11,647,16755.0,20,30,11
Ryan Arcidiacono,4,207,3645.0,23,26,4
Ryan Bowen,6,320,4846.0,24,33,10
Ryan Gomes,7,482,13429.0,23,29,7
Ryan Hollins,5,279,4050.0,25,31,7
Ryan Kelly,3,147,3015.0,22,24,3
Saben Lee,3,110,1758.0,21,23,3
Saddiq Bey,4,292,8804.0,21,24,4
Salah Mejri,4,204,2430.0,29,32,4
Salim Stoudamire,3,157,2672.0,23,25,3
Sam Bowie,9,506,13935.0,23,33,11
Sam Cassell,14,985,29613.0,24,38,15
Sam Dekker,3,197,3090.0,22,24,3
Sam Hauser,3,230,4572.0,25,27,3
Sam Lacey,7,520,13895.0,28,34,7
Sam Mack,5,207,4602.0,25,29,5
Sam Mitchell,12,920,21531.0,26,37,12
Sam Perkins,17,1286,36598.0,23,39,17
Sam Vincent,5,293,6721.0,24,28,5
Sam Williams,4,257,4528.0,22,25,4
Sam Young,4,249,3966.0,24,27,4
Samaki Walker,8,424,7456.0,20,27,8
Samuel Dalembert,12,852,21469.0,22,33,12
Santi Aldama,4,235,5320.0,21,24,4
Sasha Pavlović,10,567,8888.0,20,29,10
Sasha Vujačić,7,470,7915.0,20,31,12
Scot Pollard,7,411,7514.0,24,30,7
Scott Brooks,8,599,8674.0,23,30,8
Scott Burrell,7,379,7551.0,23,29,7
Scott Hastings,5,309,4237.0,23,31,9
Scott Lloyd,3,215,4258.0,24,29,6
Scott May,6,346,7874.0,22,27,6
Scott Padgett,4,285,4276.0,25,29,5
Scott Skiles,8,577,16348.0,23,30,8
Scott Wedman,10,738,20327.0,24,33,10
Scott Williams,11,656,11492.0,23,35,13
Scottie Barnes,4,276,9523.0,20,23,4
Scottie Pippen,17,1178,41069.0,22,38,17
Sean Elliott,11,723,24111.0,21,32,12
Sean Higgins,4,168,2858.0,23,27,5
Sean Kilpatrick,3,153,3010.0,26,28,3
Sean Marks,3,104,1401.0,26,33,8
Sean May,3,82,1537.0,21,24,4
Sean Rooks,11,713,13245.0,23,34,12
Sean Williams,3,126,1871.0,21,23,3
Sebastian Telfair,9,548,11822.0,19,27,9
Sedale Threatt,14,951,22436.0,22,35,14
Semi Ojeleye,5,284,4111.0,23,27,5
Serge Ibaka,13,903,24941.0,20,32,13
Sergio Rodríguez,4,281,4653.0,20,30,11
Seth Curry,9,546,12358.0,25,34,10
Shabazz Muhammad,3,198,4064.0,22,24,3
Shabazz Napier,5,292,5474.0,23,28,6
Shaedon Sharpe,3,184,5090.0,19,21,3
Shai Gilgeous-Alexander,7,462,15291.0,20,26,7
Shake Milton,7,359,6698.0,22,28,7
Shammond Williams,6,323,5347.0,24,31,8
Shandon Anderson,10,719,15946.0,23,32,10
Shane Battier,13,977,30004.0,23,35,13
Shane Larkin,4,256,4880.0,21,25,5
Shannon Brown,5,303,6310.0,22,27,6
Shaquille Harrison,3,139,2298.0,24,26,3
Shaquille O'Neal,19,1207,41918.0,20,38,19
Shareef Abdur-Rahim,11,824,28831.0,20,30,11
Sharone Wright,3,196,4487.0,22,24,3
Shaun Livingston,13,821,16957.0,19,33,15
Shawn Bradley,12,832,19531.0,21,32,12
Shawn Kemp,14,1051,29293.0,20,33,14
Shawn Marion,16,1163,40097.0,21,36,16
Shawn Respert,3,160,2251.0,23,25,3
Shawne Williams,6,299,5198.0,20,28,9
Shelden Williams,6,361,5586.0,23,28,6
Shelvin Mack,8,456,8392.0,21,28,8
Sherman Douglas,12,765,21148.0,23,34,12
Sidney Green,9,640,12918.0,23,31,9
Sidney Moncrief,11,767,23150.0,22,33,12
Sidney Wicks,5,362,10306.0,27,31,5
Simone Fontecchio,3,193,3647.0,27,29,3
Skal Labissière,3,126,2419.0,20,23,4
Sleepy Floyd,13,957,26383.0,22,34,13
Slick Watts,3,211,5257.0,25,27,3
Sly Williams,4,229,5749.0,23,27,5
Smush Parker,4,258,6925.0,21,26,6
Solomon Hill,6,395,9100.0,23,29,7
Solomon Jones,5,233,2836.0,22,27,6
Sonny Parker,6,452,10916.0,21,26,6
Sonny Weems,3,171,3280.0,23,29,7
Speedy Claxton,6,332,8533.0,23,28,6
Spencer Dinwiddie,9,606,16996.0,21,31,11
Spencer Hawes,10,684,15541.0,19,28,10
Spencer Haywood,6,356,9552.0,27,33,7
Spud Webb,11,810,20254.0,22,32,11
Stacey Augmon,15,1001,21658.0,23,37,15
Stacey King,6,412,7147.0,23,28,6
Stanislav Medvedenko,3,197,2791.0,22,24,3
Stanley Johnson,7,424,8729.0,19,26,8
Stanley Roberts,4,257,5057.0,21,27,7
Stephen Curry,15,1021,34836.0,21,36,16
Stephen Graham,3,181,2447.0,26,28,3
Stephen Jackson,12,826,27064.0,22,34,13
Stephon Marbury,13,846,31891.0,19,31,13
Sterling Brown,5,264,4434.0,22,26,5
Steve Blake,13,870,20823.0,23,35,13
Steve Colter,7,507,9319.0,22,32,11
Steve Francis,8,566,21433.0,22,29,8
Steve Hawes,8,561,13523.0,26,33,8
Steve Henson,3,158,1789.0,22,26,5
Steve Johnson,9,602,13390.0,24,32,9
Steve Kerr,12,800,15301.0,24,37,14
Steve Mix,7,517,9960.0,29,35,7
Steve Nash,17,1202,37756.0,22,38,17
Steve Novak,4,260,4362.0,25,30,6
Steve Smith,14,942,28855.0,22,35,14
Steve Stipanovich,5,403,12591.0,23,27,5
Steven Adams,11,764,19738.0,20,31,12
Steven Hunter,5,307,5199.0,21,25,5
Stromile Swift,8,528,10619.0,21,28,8
Svi Mykhailiuk,7,331,5386.0,21,27,7
Swen Nater,7,482,13817.0,27,34,8
T.J. Ford,7,415,11691.0,20,27,8
T.J. McConnell,10,706,14921.0,23,32,10
T.J. Warren,7,370,10123.0,21,29,9
T.R. Dunn,12,942,22542.0,22,34,13
Taj Gibson,15,953,22589.0,24,39,16
Talen Horton-Tucker,5,299,5861.0,20,24,5
Tari Eason,3,161,3667.0,21,23,3
Tarik Black,4,220,3319.0,23,26,4
Tariq Abdul-Wahad,5,222,4603.0,23,27,5
Taurean Prince,9,582,14402.0,22,30,9
Tayshaun Prince,14,1017,31576.0,22,35,14
Ted McClain,3,178,3487.0,30,32,3
Tellis Frank,3,222,4318.0,22,28,7
Terance Mann,5,371,8739.0,24,28,5
Terence Davis,4,227,3660.0,22,25,4
Terrance Ferguson,3,191,3951.0,19,21,3
Terrell Brandon,11,724,21545.0,21,31,11
Terrence Jones,4,213,5281.0,22,25,4
Terrence Ross,11,733,17956.0,21,31,11
Terrence Williams,4,153,2922.0,22,25,4
Terry Catledge,8,515,13541.0,22,29,8
Terry Cummings,17,1175,33822.0,21,38,18
Terry Davis,8,446,9855.0,22,31,10
Terry Dehere,6,402,7305.0,22,27,6
Terry Furlow,3,207,4635.0,23,25,3
Terry Mills,9,663,16280.0,23,32,10
Terry Porter,17,1274,35354.0,22,38,17
Terry Rozier,9,626,18046.0,22,30,9
Terry Teagle,9,617,13868.0,22,31,10
Terry Tyler,11,871,21740.0,22,32,11
Thabo Sefolosha,14,869,19062.0,22,35,14
Thaddeus Young,17,1172,33012.0,19,35,17
Theo Ratliff,13,795,20303.0,22,36,15
Thomas Bryant,6,308,5567.0,21,27,7
Thomas Robinson,5,313,4204.0,21,25,5
Thon Maker,3,198,2986.0,20,22,3
Thurl Bailey,12,928,24873.0,22,37,16
Théo Maledon,3,160,3540.0,19,21,3
Tiago Splitter,6,347,6736.0,26,31,6
Tim Bassett,3,223,5424.0,25,27,3
Tim Duncan,19,1392,47368.0,21,39,19
Tim Frazier,5,261,4579.0,25,29,5
Tim Hardaway,12,857,30499.0,23,35,13
Tim Hardaway Jr.,12,813,22262.0,21,32,12
Tim Kempton,3,216,3338.0,23,26,4
Tim Legler,6,266,4764.0,26,33,8
Tim McCormick,6,443,10166.0,22,28,7
Tim Perry,6,389,8568.0,24,29,6
Tim Thomas,12,806,21051.0,20,31,12
Timofey Mozgov,7,413,7815.0,24,31,8
Timothé Luwawu-Cabarrot,6,328,5254.0,21,26,6
Tiny Archibald,7,443,13639.0,28,35,8
Tobias Harris,14,970,30727.0,19,32,14
Toby Knight,4,283,7331.0,22,26,5
Todd Day,7,478,12145.0,23,31,9
Todd Fuller,3,174,2024.0,22,24,3
Todd Lichti,4,224,4114.0,23,26,4
Tom Abernethy,4,280,5136.0,22,25,4
Tom Boswell,4,293,6510.0,23,26,4
Tom Burleson,4,245,4618.0,24,28,5
Tom Chambers,14,1094,33829.0,22,35,14
Tom Garrick,4,251,4718.0,22,25,4
Tom Gugliotta,13,763,23556.0,23,35,13
Tom Hammonds,10,624,10017.0,22,31,10
Tom Henderson,7,490,12659.0,25,31,7
Tom LaGarde,5,311,6186.0,22,26,5
Tom McMillen,10,679,14062.0,24,33,10
Tom Owens,7,488,11471.0,27,33,7
Tom Tolbert,4,253,5196.0,24,28,5
Tomáš Satoranský,6,388,8617.0,25,30,6
Toney Douglas,7,382,7334.0,23,30,8
Toni Kukoč,13,846,22212.0,25,37,13
Tony Allen,14,820,18055.0,23,36,14
Tony Battie,12,784,17138.0,21,35,15
Tony Brown,4,277,5215.0,24,31,8
Tony Campbell,9,637,14606.0,22,32,11
Tony Delk,10,545,11702.0,23,32,10
Tony Dumas,3,149,2175.0,22,24,3
Tony Massenburg,10,620,11931.0,27,37,11
Tony Parker,18,1254,38279.0,19,36,18
Tony Smith,7,444,7137.0,22,28,7
Tony Snell,9,601,13093.0,22,30,9
Torrey Craig,8,458,8914.0,27,34,8
Tracy McGrady,15,938,30658.0,18,32,15
Tracy Murray,9,567,11359.0,21,30,10
Trae Young,7,483,16622.0,20,26,7
Travis Best,9,649,14579.0,24,32,9
Travis Diener,4,170,2609.0,23,26,4
Travis Knight,3,182,3184.0,22,24,3
Travis Outlaw,10,614,13007.0,20,29,10
Tre Jones,4,260,6175.0,22,25,4
Tre Mann,3,168,3537.0,20,22,3
Tree Rollins,13,921,22134.0,22,36,15
Trendon Watford,4,217,3820.0,21,24,4
Trent Forrest,4,151,1758.0,22,25,4
Trent Tucker,11,756,15671.0,23,33,11
Trenton Hassell,9,644,16278.0,22,30,9
Treveon Graham,3,153,2694.0,24,26,3
Trevor Ariza,18,1118,32953.0,19,36,18
Trevor Booker,8,532,10872.0,23,30,8
Trey Burke,9,498,10401.0,21,29,9
Trey Lyles,10,650,11971.0,20,29,10
Trey Murphy III,4,251,6856.0,21,24,4
Tristan Thompson,12,779,20105.0,20,32,13
Troy Brown Jr.,6,356,6778.0,19,24,6
Troy Daniels,5,287,4573.0,24,28,5
Troy Hudson,9,500,11164.0,22,30,9
Troy Murphy,11,715,19665.0,21,31,11
Truck Robinson,8,612,22056.0,25,32,8
Ty Jerome,5,227,4125.0,22,27,6
Ty Lawson,8,551,16088.0,22,29,8
Tyler Ennis,4,186,2336.0,20,23,4
Tyler Hansbrough,6,384,6890.0,24,29,6
Tyler Herro,6,361,11763.0,20,25,6
Tyler Johnson,7,348,8618.0,22,28,7
Tyler Zeller,6,406,7157.0,23,28,6
Tyreke Evans,10,594,18242.0,20,29,10
Tyrese Haliburton,5,333,10999.0,20,24,5
Tyrese Maxey,5,318,10187.0,20,24,5
Tyrone Corbin,14,1034,27366.0,24,37,14
Tyrone Hill,13,796,22350.0,22,34,13
Tyrone Nesby,4,255,6659.0,23,26,4
Tyronn Lue,9,531,12230.0,23,31,9
Tyrus Thomas,7,400,7925.0,20,26,7
Tyson Chandler,18,1134,31398.0,19,36,18
Tyus Edney,4,226,4743.0,22,27,6
Tyus Jones,10,682,14424.0,19,28,10
Udonis Haslem,11,764,20637.0,23,34,12
Vern Fleming,12,893,24721.0,22,33,12
Vernon Maxwell,13,855,24309.0,23,35,13
Victor Alexander,4,271,5658.0,22,25,4
Victor Oladipo,8,477,15546.0,21,30,10
Vin Baker,11,756,25448.0,22,32,11
Vince Carter,22,1541,46367.0,22,43,22
Vincent Askew,7,446,9042.0,25,31,7
Vinnie Johnson,12,946,23983.0,24,35,12
Vinny Del Negro,11,769,19205.0,22,34,13
Vit Krejci,3,109,2384.0,21,24,4
Vitaly Potapenko,10,607,11595.0,21,30,10
Vlade Divac,15,1119,33708.0,21,35,15
Vladimir Radmanović,11,712,16020.0,21,31,11
Vladimir Stepania,4,211,3244.0,22,27,6
Voshon Lenard,9,550,15105.0,22,32,11
Walker Kessler,3,196,4936.0,21,23,3
Walker Russell,4,165,2002.0,22,29,8
Wally Szczerbiak,10,651,20052.0,22,31,10
Wally Walker,7,499,9541.0,23,29,7
Walt Williams,11,708,18818.0,22,32,11
Walter Berry,3,205,4863.0,22,24,3
Walter Davis,15,1033,28859.0,23,37,15
Walter McCarty,7,462,9351.0,23,30,8
Wayman Tisdale,12,840,23868.0,21,32,12
Wayne Cooper,13,949,19930.0,22,34,13
Wayne Ellington,12,725,15707.0,22,34,13
Wendell Carter Jr.,7,383,10447.0,19,25,7
Wenyen Gabriel,3,115,1623.0,23,25,3
Wes Iwundu,4,223,3745.0,23,26,4
Wes Matthews,8,464,9292.0,21,28,8
Wes Unseld,5,384,12915.0,30,34,5
Wesley Johnson,9,609,13472.0,23,31,9
Wesley Matthews,15,986,28579.0,23,37,15
Wesley Person,11,733,20727.0,23,33,11
Wilbur Holland,3,243,7820.0,25,27,3
Will Barton,10,638,16729.0,22,32,11
Will Bynum,6,338,6382.0,26,31,6
Will Perdue,10,706,11715.0,24,34,11
Willie Anderson,9,555,15974.0,22,30,9
Willie Burton,6,300,6605.0,22,28,7
Willie Cauley-Stein,6,402,9093.0,22,27,6
Willie Green,11,721,14630.0,22,33,12
Willie Reed,3,152,1885.0,25,27,3
Willy Hernangómez,7,344,5149.0,22,28,7
Wilson Chandler,11,668,20072.0,20,32,13
Winford Boynes,3,177,3035.0,21,23,3
Winston Bennett,3,136,2157.0,24,26,3
Winston Garland,7,511,13391.0,23,30,8
World B. Free,12,815,25772.0,23,34,12
Xavier Henry,4,176,2819.0,19,22,4
Xavier McDaniel,11,850,25021.0,22,33,12
Xavier Tillman Sr.,4,227,3940.0,22,25,4
Yakhouba Diawara,3,181,2570.0,24,26,3
Yao Ming,7,481,15727.0,22,28,7
Yi Jianlian,4,242,5835.0,20,23,4
Yogi Ferrell,4,249,5076.0,23,26,4
Yuta Watanabe,4,180,2560.0,26,29,4
Zach Collins,6,367,6847.0,20,27,8
Zach LaVine,11,654,21461.0,19,29,11
Zach Randolph,16,1075,34378.0,21,36,16
Zaza Pachulia,16,1098,22240.0,19,34,16
Zeke Nnaji,3,151,2034.0,21,24,4
Ziaire Williams,4,213,4486.0,20,23,4
Zion Williamson,5,214,6714.0,19,24,6
Zydrunas Ilgauskas,12,838,22794.0,22,35,14
Álex Abrines,3,174,2777.0,23,25,3
Ömer Aşık,7,453,9034.0,24,30,7
Šarūnas Marčiulionis,6,346,7868.0,25,31,7
Žan Tabak,3,179,3093.0,25,30,6
Željko Rebrača,5,215,3280.0,29,33,5
