player_name,year_id,age,team_name_abbr,games,mp,per,bpm,vorp,ws,ws_per_48
Alaa Abdelnaby,1990-91,22,POR,43,290,13.1,-4.6,-0.2,0.5,.079
Alaa Abdelnaby,1991-92,23,POR,71,934,13.5,-2.6,-0.1,2.1,.110
Alaa Abdelnaby,1992-93,24,2TM,75,1311,13.2,-3.9,-0.6,2.0,.074
Alaa Abdelnaby,1992-93,24,MIL,12,159,11.9,-3.5,-0.1,0.1,.035
Alaa Abdelnaby,1992-93,24,BOS,63,1152,13.4,-4.0,-0.6,1.9,.079
Alaa Abdelnaby,1993-94,25,BOS,13,159,9.2,-7.4,-0.2,-0.1,-0.032
Alaa Abdelnaby,1994-95,26,2TM,54,506,12.6,-4.3,-0.3,0.3,.027
Alaa Abdelnaby,1994-95,26,SAC,51,476,14.1,-3.1,-0.1,0.6,.058
Alaa Abdelnaby,1994-95,26,PHI,3,30,-12.5,-24.9,-0.2,-0.3,-0.466
Zaid Abdul-Aziz,1968-69,22,2TM,49,945,12.3,,,-0.3,-0.016
Zaid Abdul-Aziz,1968-69,22,CIN,20,108,8.5,,,-0.1,-0.038
Zaid Abdul-Aziz,1968-69,22,MIL,29,837,12.8,,,-0.2,-0.013
Zaid Abdul-Aziz,1969-70,23,MIL,80,1637,12.4,,,2.0,.059
Zaid Abdul-Aziz,1970-71,24,SEA,61,1276,16.1,,,1.8,.067
Zaid Abdul-Aziz,1971-72,25,SEA,58,1780,15.9,,,1.9,.052
Zaid Abdul-Aziz,1972-73,26,HOU,48,900,14.5,,,1.0,.051
Zaid Abdul-Aziz,1973-74,27,HOU,79,2459,15.9,1.0,1.8,6.5,.126
Zaid Abdul-Aziz,1974-75,28,HOU,65,1450,17.1,0.4,0.9,3.7,.124
Zaid Abdul-Aziz,1975-76,29,SEA,27,223,16.4,-0.3,0.2,0.6,.119
Zaid Abdul-Aziz,1976-77,30,BUF,22,195,16.3,-3.3,-0.1,0.3,.078
Zaid Abdul-Aziz,1977-78,31,2TM,16,158,11.4,-4.0,-0.1,0.1,.033
Zaid Abdul-Aziz,1977-78,31,BOS,2,24,11.5,-4.3,0.0,0.0,-0.062
Zaid Abdul-Aziz,1977-78,31,HOU,14,134,11.4,-4.0,-0.1,0.1,.050
Kareem Abdul-Jabbar,1969-70,22,MIL,82,3534,22.5,,,13.8,.187
Kareem Abdul-Jabbar,1970-71,23,MIL,82,3288,29.0,,,22.3,.326
Kareem Abdul-Jabbar,1971-72,24,MIL,81,3583,29.9,,,25.4,.340
Kareem Abdul-Jabbar,1972-73,25,MIL,76,3254,28.5,,,21.9,.322
Kareem Abdul-Jabbar,1973-74,26,MIL,81,3548,24.4,7.5,8.6,18.4,.250
Kareem Abdul-Jabbar,1974-75,27,MIL,65,2747,26.4,7.6,6.7,12.9,.225
Kareem Abdul-Jabbar,1975-76,28,LAL,82,3379,27.2,8.5,9.0,17.0,.242
Kareem Abdul-Jabbar,1976-77,29,LAL,82,3016,27.8,9.4,8.7,17.8,.283
Kareem Abdul-Jabbar,1977-78,30,LAL,62,2265,29.2,9.3,6.5,12.1,.257
Kareem Abdul-Jabbar,1978-79,31,LAL,80,3157,25.5,7.6,7.7,14.4,.219
Kareem Abdul-Jabbar,1979-80,32,LAL,82,3143,25.3,7.2,7.3,14.8,.227
Kareem Abdul-Jabbar,1980-81,33,LAL,80,2976,25.5,6.1,6.1,14.3,.230
Kareem Abdul-Jabbar,1981-82,34,LAL,76,2677,23.4,5.0,4.7,10.7,.192
Kareem Abdul-Jabbar,1982-83,35,LAL,79,2554,23.6,4.5,4.2,10.9,.205
Kareem Abdul-Jabbar,1983-84,36,LAL,80,2622,21.3,3.0,3.3,8.9,.163
Kareem Abdul-Jabbar,1984-85,37,LAL,79,2630,22.9,5.1,4.8,11.2,.204
Kareem Abdul-Jabbar,1985-86,38,LAL,79,2629,22.7,5.4,4.9,10.8,.197
Kareem Abdul-Jabbar,1986-87,39,LAL,78,2441,17.9,1.6,2.2,7.5,.148
Kareem Abdul-Jabbar,1987-88,40,LAL,80,2308,15.8,0.0,1.2,5.3,.111
Kareem Abdul-Jabbar,1988-89,41,LAL,74,1695,12.9,-2.1,0.0,2.9,.082
Mahmoud Abdul-Rauf,1990-91,21,DEN,67,1505,12.2,-5.0,-1.1,-1.0,-0.031
Mahmoud Abdul-Rauf,1991-92,22,DEN,81,1538,12.6,-3.1,-0.4,0.6,.018
Mahmoud Abdul-Rauf,1992-93,23,DEN,81,2710,15.6,-0.1,1.3,5.1,.091
Mahmoud Abdul-Rauf,1993-94,24,DEN,80,2617,16.7,0.8,1.9,6.8,.125
Mahmoud Abdul-Rauf,1994-95,25,DEN,73,2082,17.8,1.2,1.7,5.0,.115
Mahmoud Abdul-Rauf,1995-96,26,DEN,57,2029,18.6,1.9,1.9,5.5,.131
Mahmoud Abdul-Rauf,1996-97,27,SAC,75,2131,13.2,-2.6,-0.4,2.7,.060
Mahmoud Abdul-Rauf,1997-98,28,SAC,31,530,10.5,-4.7,-0.4,-0.3,-0.025
Mahmoud Abdul-Rauf,1998-99,,Did not play - other pro league,,,,,,,
Mahmoud Abdul-Rauf,1999-00,,Did not play - retired,,,,,,,
Mahmoud Abdul-Rauf,2000-01,31,VAN,41,486,16.7,-1.0,0.1,0.7,.070
Tariq Abdul-Wahad,1997-98,23,SAC,59,959,10.1,-4.8,-0.7,-0.2,-0.008
Tariq Abdul-Wahad,1998-99,24,SAC,49,1205,11.8,-3.0,-0.3,1.4,.058
Tariq Abdul-Wahad,1999-00,25,2TM,61,1578,13.6,-1.2,0.3,2.2,.068
Tariq Abdul-Wahad,1999-00,25,ORL,46,1205,14.4,-0.8,0.4,2.0,.082
Tariq Abdul-Wahad,1999-00,25,DEN,15,373,10.8,-2.5,0.0,0.2,.023
Tariq Abdul-Wahad,2000-01,26,DEN,29,420,5.8,-5.8,-0.4,-0.4,-0.049
Tariq Abdul-Wahad,2001-02,27,2TM,24,441,9.8,-3.7,-0.2,0.0,-0.003
Tariq Abdul-Wahad,2001-02,27,DEN,20,417,10.3,-3.6,-0.2,0.0,.005
Tariq Abdul-Wahad,2001-02,27,DAL,4,24,0.3,-6.3,0.0,-0.1,-0.128
Tariq Abdul-Wahad,2002-03,28,DAL,14,204,12.4,-1.4,0.0,0.4,.104
Shareef Abdur-Rahim,1996-97,20,VAN,80,2802,17.4,-1.8,0.2,2.9,.049
Shareef Abdur-Rahim,1997-98,21,VAN,82,2950,21.1,1.6,2.6,6.9,.113
Shareef Abdur-Rahim,1998-99,22,VAN,50,2021,20.7,2.0,2.1,4.6,.108
Shareef Abdur-Rahim,1999-00,23,VAN,82,3223,20.2,2.2,3.4,8.8,.132
Shareef Abdur-Rahim,2000-01,24,VAN,81,3241,19.1,1.8,3.1,8.5,.126
Shareef Abdur-Rahim,2001-02,25,ATL,77,2980,19.8,1.7,2.8,7.2,.116
Shareef Abdur-Rahim,2002-03,26,ATL,81,3087,19.9,1.6,2.8,9.7,.151
Shareef Abdur-Rahim,2003-04,27,2TM,85,2684,19.9,1.6,2.4,8.1,.145
Shareef Abdur-Rahim,2003-04,27,ATL,53,1956,21.2,2.3,2.1,6.6,.163
Shareef Abdur-Rahim,2003-04,27,POR,32,728,16.5,-0.4,0.3,1.5,.098
Shareef Abdur-Rahim,2004-05,28,POR,54,1867,18.7,0.9,1.4,5.4,.139
Shareef Abdur-Rahim,2005-06,29,SAC,72,1961,17.2,0.9,1.4,6.2,.152
Shareef Abdur-Rahim,2006-07,30,SAC,80,2015,13.1,-2.5,-0.2,2.8,.067
Shareef Abdur-Rahim,2007-08,31,SAC,6,51,5.5,-6.9,-0.1,0.0,-0.005
Tom Abernethy,1976-77,22,LAL,70,1378,12.7,-0.3,0.6,3.1,.110
Tom Abernethy,1977-78,23,LAL,73,1317,15.6,1.9,1.3,4.1,.150
Tom Abernethy,1978-79,24,GSW,70,1219,13.6,0.9,0.9,3.7,.144
Tom Abernethy,1979-80,25,GSW,67,1222,11.0,-1.2,0.2,2.0,.080
Tom Abernethy,1980-81,26,2TM,39,298,8.0,-2.6,0.0,0.4,.062
Tom Abernethy,1980-81,26,GSW,10,39,3.2,-4.4,0.0,0.0,-0.004
Tom Abernethy,1980-81,26,IND,29,259,8.7,-2.4,0.0,0.4,.072
Forest Able,1956-57,24,SYR,1,1,-41.5,,,0.0,-2.062
John Abramovic,1946-47,27,PIT,47,,,,,-1.7,
John Abramovic,1947-48,28,2TM,9,,,,,-0.3,
John Abramovic,1947-48,28,STB,4,,,,,-0.1,
John Abramovic,1947-48,28,BLB,5,,,,,-0.2,
Álex Abrines,2013-14,,Did not play - other pro league,,,,,,,
Álex Abrines,2014-15,,Did not play - other pro league,,,,,,,
Álex Abrines,2015-16,,Did not play - other pro league,,,,,,,
Álex Abrines,2016-17,23,OKC,68,1055,10.1,-1.6,0.1,2.1,.096
Álex Abrines,2017-18,24,OKC,75,1134,9.0,-1.5,0.1,2.2,.094
Álex Abrines,2018-19,25,OKC,31,588,6.3,-3.3,-0.2,0.6,.053
Precious Achiuwa,2020-21,21,MIA,61,737,14.2,-4.1,-0.4,1.3,.085
Precious Achiuwa,2021-22,22,TOR,73,1725,12.7,-2.6,-0.2,2.5,.070
Precious Achiuwa,2022-23,23,TOR,55,1140,15.2,-2.3,-0.1,2.2,.093
Precious Achiuwa,2023-24,24,2TM,74,1624,14.6,-1.4,0.2,3.4,.102
Precious Achiuwa,2023-24,24,TOR,25,437,15.0,-1.6,0.0,0.4,.048
Precious Achiuwa,2023-24,24,NYK,49,1187,14.5,-1.4,0.2,3.0,.122
Precious Achiuwa,2024-25,25,NYK,57,1170,13.6,-1.9,0.0,2.3,.095
Alex Acker,2005-06,23,DET,5,35,-2.4,-15.3,-0.1,-0.2,-0.230
Alex Acker,2006-07,,Did not play - other pro league,,,,,,,
Alex Acker,2007-08,,Did not play - other pro league,,,,,,,
Alex Acker,2008-09,26,2TM,25,199,10.4,-3.6,-0.1,0.0,-0.011
Alex Acker,2008-09,26,DET,7,20,16.0,3.8,0.0,0.0,.009
Alex Acker,2008-09,26,LAC,18,179,9.8,-4.4,-0.1,0.0,-0.013
Don Ackerman,1953-54,23,NYK,28,220,1.0,,,-0.6,-0.123
Mark Acres,1985-86,,Did not play - other pro league,,,,,,,
Mark Acres,1986-87,,Did not play - other pro league,,,,,,,
Mark Acres,1987-88,25,BOS,79,1151,9.3,-2.8,-0.2,2.2,.090
Mark Acres,1988-89,26,BOS,62,632,8.2,-3.4,-0.2,0.9,.066
Mark Acres,1989-90,27,ORL,80,1691,8.3,-3.7,-0.7,1.6,.047
Mark Acres,1990-91,28,ORL,68,1313,9.2,-3.0,-0.3,2.5,.090
Mark Acres,1991-92,29,ORL,68,926,10.1,-2.9,-0.2,1.9,.097
Mark Acres,1992-93,30,2TM,18,269,8.9,-5.3,-0.2,0.3,.056
Mark Acres,1992-93,30,HOU,6,23,-0.6,-15.7,-0.1,-0.1,-0.165
Mark Acres,1992-93,30,WSB,12,246,9.8,-4.3,-0.1,0.4,.077
Bud Acton,1967-68,26,SDR,23,195,9.5,,,0.1,.021
Quincy Acy,2012-13,22,TOR,29,342,15.9,0.1,0.2,1.1,.157
Quincy Acy,2013-14,23,2TM,63,847,10.1,-1.7,0.1,1.5,.086
Quincy Acy,2013-14,23,TOR,7,61,17.2,5.0,0.1,0.2,.188
Quincy Acy,2013-14,23,SAC,56,786,9.6,-2.2,0.0,1.3,.078
Quincy Acy,2014-15,24,NYK,68,1287,11.9,-3.1,-0.3,1.7,.063
Quincy Acy,2015-16,25,SAC,59,876,14.7,-0.1,0.4,2.5,.137
Quincy Acy,2016-17,26,2TM,38,558,11.8,-2.1,0.0,0.9,.082
Quincy Acy,2016-17,26,DAL,6,48,-1.4,-14.3,-0.1,-0.1,-0.133
Quincy Acy,2016-17,26,BRK,32,510,13.1,-0.9,0.1,1.1,.102
Quincy Acy,2017-18,27,BRK,70,1359,8.2,-2.5,-0.2,1.0,.036
Quincy Acy,2018-19,28,PHO,10,123,2.9,-8.1,-0.2,-0.1,-0.022
Alvan Adams,1975-76,21,PHO,80,2656,21.7,4.4,4.3,7.2,.130
Alvan Adams,1976-77,22,PHO,72,2278,20.2,3.6,3.2,6.3,.134
Alvan Adams,1977-78,23,PHO,70,1914,17.7,1.0,1.5,4.9,.123
Alvan Adams,1978-79,24,PHO,77,2364,20.4,3.4,3.2,7.6,.154
Alvan Adams,1979-80,25,PHO,75,2168,19.2,3.6,3.1,7.0,.155
Alvan Adams,1980-81,26,PHO,75,2054,20.3,5.1,3.7,7.7,.180
Alvan Adams,1981-82,27,PHO,79,2393,18.6,3.6,3.4,7.2,.144
Alvan Adams,1982-83,28,PHO,80,2447,16.8,2.5,2.8,6.5,.128
Alvan Adams,1983-84,29,PHO,70,1452,16.6,1.6,1.3,3.3,.109
Alvan Adams,1984-85,30,PHO,82,2136,19.8,4.0,3.2,6.8,.152
Alvan Adams,1985-86,31,PHO,78,2005,15.3,1.6,1.8,3.9,.094
Alvan Adams,1986-87,32,PHO,68,1690,14.6,-0.1,0.8,2.8,.079
Alvan Adams,1987-88,33,PHO,82,1646,13.1,-0.5,0.6,2.2,.064
Don Adams,1970-71,23,SDR,82,2374,10.8,,,2.9,.059
Don Adams,1971-72,24,2TM,73,2071,11.5,,,0.7,.015
Don Adams,1971-72,24,HOU,3,41,4.5,,,-0.1,-0.116
Don Adams,1971-72,24,ATL,70,2030,11.6,,,0.8,.018
Don Adams,1972-73,25,2TM,74,1874,10.6,,,0.9,.024
Don Adams,1972-73,25,ATL,4,76,3.9,,,-0.3,-0.219
Don Adams,1972-73,25,DET,70,1798,10.9,,,1.3,.034
Don Adams,1973-74,26,DET,74,2298,10.9,-1.4,0.3,3.6,.076
Don Adams,1974-75,27,2TM,67,1718,8.9,-2.5,-0.2,0.8,.023
Don Adams,1974-75,27,DET,51,1376,8.4,-2.7,-0.2,0.5,.017
Don Adams,1974-75,27,SSL,16,342,11.0,-1.5,0.0,0.3,.049
Don Adams,1975-76,28,2TM,76,1429,10.3,-2.5,-0.2,1.1,.037
Don Adams,1975-76,28,SSL,20,725,11.6,-1.9,0.0,0.8,.050
Don Adams,1975-76,28,BUF,56,704,9.1,-3.1,-0.2,0.3,.023
Don Adams,1976-77,29,BUF,77,1710,11.7,-1.8,0.1,1.6,.046
Don Adams,1977-78,,Did not play - injury,,,,,,,
George Adams,1972-73,23,SDA,60,865,13.4,,,2.2,.120
George Adams,1973-74,24,SDA,80,1433,14.2,-0.5,0.5,2.2,.072
George Adams,1974-75,25,SDA,75,1605,13.9,-1.0,0.4,2.3,.068
Hassan Adams,2006-07,22,NJN,61,495,13.0,-1.5,0.1,1.0,.095
Hassan Adams,2007-08,,Did not play - other pro league,,,,,,,
Hassan Adams,2008-09,24,TOR,12,52,0.4,-9.4,-0.1,-0.2,-0.144
Jaylen Adams,2018-19,22,ATL,34,428,7.6,-4.3,-0.2,0.1,.011
Jaylen Adams,2019-20,,Did not play - other pro league,,,,,,,
Jaylen Adams,2020-21,24,MIL,7,18,-6.5,-19.8,-0.1,-0.1,-0.252
Jordan Adams,2014-15,20,MEM,30,248,12.8,1.4,0.2,0.4,.073
Jordan Adams,2015-16,21,MEM,2,15,17.3,6.9,0.0,0.0,.015
Michael Adams,1985-86,23,SAC,18,139,8.0,-3.8,-0.1,-0.1,-0.028
Michael Adams,1986-87,24,WSB,63,1303,14.3,1.2,1.0,2.7,.099
Michael Adams,1987-88,25,DEN,82,2778,15.6,2.5,3.1,7.5,.130
Michael Adams,1988-89,26,DEN,77,2787,17.5,2.9,3.4,8.3,.143
Michael Adams,1989-90,27,DEN,79,2690,15.4,1.8,2.6,6.9,.124
Michael Adams,1990-91,28,DEN,66,2346,22.3,5.3,4.3,6.3,.128
Michael Adams,1991-92,29,WSB,78,2795,17.1,1.8,2.6,5.3,.090
Michael Adams,1992-93,30,WSB,70,2499,15.6,0.0,1.3,4.6,.088
Michael Adams,1993-94,31,WSB,70,2337,14.2,-1.0,0.6,3.1,.063
Michael Adams,1994-95,32,CHH,29,443,17.7,3.3,0.6,1.6,.169
Michael Adams,1995-96,33,CHH,21,329,16.1,2.8,0.4,0.8,.117
Steven Adams,2013-14,20,OKC,81,1197,11.2,-2.2,-0.1,2.9,.114
Steven Adams,2014-15,21,OKC,70,1771,14.1,-1.3,0.3,4.1,.111
Steven Adams,2015-16,22,OKC,80,2014,15.5,0.2,1.1,6.5,.155
Steven Adams,2016-17,23,OKC,80,2389,16.5,-0.2,1.1,6.5,.130
Steven Adams,2017-18,24,OKC,76,2487,20.6,1.1,2.0,9.7,.187
Steven Adams,2018-19,25,OKC,80,2669,18.5,1.1,2.1,9.1,.163
Steven Adams,2019-20,26,OKC,63,1680,20.5,2.9,2.1,6.5,.185
Steven Adams,2020-21,27,NOP,58,1605,15.1,-0.3,0.7,4.0,.119
Steven Adams,2021-22,28,MEM,76,1999,17.6,2.0,2.0,6.8,.163
Steven Adams,2022-23,29,MEM,42,1133,17.5,0.6,0.7,3.4,.144
Steven Adams,2023-24,,Did not play - injury,,,,,,,
Steven Adams,2024-25,31,HOU,58,794,16.6,0.3,0.5,2.3,.137
Rafael Addison,1986-87,22,PHO,62,711,11.9,-3.9,-0.3,0.4,.024
Rafael Addison,1987-88,,Did not play - other pro league,,,,,,,
Rafael Addison,1988-89,,Did not play - other pro league,,,,,,,
Rafael Addison,1989-90,,Did not play - other pro league,,,,,,,
Rafael Addison,1990-91,,Did not play - other pro league,,,,,,,
Rafael Addison,1991-92,27,NJN,76,1175,10.9,-2.7,-0.2,1.5,.063
Rafael Addison,1992-93,28,NJN,68,1164,8.4,-4.8,-0.8,0.9,.038
Rafael Addison,1993-94,,Did not play - other pro league,,,,,,,
Rafael Addison,1994-95,30,DET,79,1776,11.3,-3.3,-0.6,1.5,.040
Rafael Addison,1995-96,31,CHH,53,516,9.6,-4.9,-0.4,0.2,.019
Rafael Addison,1996-97,32,CHH,41,355,10.6,-4.4,-0.2,0.4,.048
Bam Adebayo,2017-18,20,MIA,69,1368,15.7,-0.4,0.6,4.2,.148
Bam Adebayo,2018-19,21,MIA,82,1913,17.9,1.8,1.8,6.8,.171
Bam Adebayo,2019-20,22,MIA,72,2417,20.3,3.4,3.3,8.5,.168
Bam Adebayo,2020-21,23,MIA,64,2143,22.7,4.9,3.7,8.8,.197
Bam Adebayo,2021-22,24,MIA,56,1825,21.8,3.8,2.7,7.2,.188
Bam Adebayo,2022-23,25,MIA,75,2598,20.1,1.5,2.3,7.4,.137
Bam Adebayo,2023-24,26,MIA,71,2416,19.8,2.4,2.7,7.2,.144
Bam Adebayo,2024-25,27,MIA,78,2674,18.9,2.0,2.7,7.5,.135
Deng Adel,2018-19,21,CLE,19,194,2.7,-7.5,-0.3,-0.2,-0.054
Rick Adelman,1968-69,22,SDR,77,1448,11.4,,,2.2,.074
Rick Adelman,1969-70,23,SDR,35,717,10.2,,,0.7,.048
Rick Adelman,1970-71,24,POR,81,2303,13.4,,,3.4,.071
Rick Adelman,1971-72,25,POR,80,2445,11.5,,,1.6,.030
Rick Adelman,1972-73,26,POR,76,1822,9.5,,,0.1,.003
Rick Adelman,1973-74,27,CHI,55,618,10.0,-1.6,0.1,0.7,.053
Rick Adelman,1974-75,28,3TM,58,1074,11.1,-1.3,0.2,1.3,.059
Rick Adelman,1974-75,28,CHI,12,340,11.3,-1.8,0.0,0.5,.075
Rick Adelman,1974-75,28,NOJ,28,613,11.2,-0.9,0.2,0.6,.047
Rick Adelman,1974-75,28,KCO,18,121,10.0,-2.0,0.0,0.2,.077
Jeff Adrien,2010-11,24,GSW,23,196,11.3,-5.3,-0.2,0.2,.051
Jeff Adrien,2011-12,25,HOU,8,63,11.2,-4.3,0.0,0.1,.106
Jeff Adrien,2012-13,26,CHA,52,713,13.4,-3.0,-0.2,1.0,.064
Jeff Adrien,2013-14,27,2TM,53,961,17.4,-0.9,0.3,2.7,.134
Jeff Adrien,2013-14,27,CHA,25,256,14.9,0.0,0.1,0.9,.170
Jeff Adrien,2013-14,27,MIL,28,705,18.4,-1.2,0.1,1.8,.121
Jeff Adrien,2014-15,28,MIN,17,215,14.2,-2.4,0.0,0.4,.087
Arron Afflalo,2007-08,22,DET,75,970,10.2,-1.5,0.1,1.9,.092
Arron Afflalo,2008-09,23,DET,74,1234,8.9,-2.6,-0.2,1.8,.069
Arron Afflalo,2009-10,24,DEN,82,2221,10.9,-0.4,0.9,4.3,.092
Arron Afflalo,2010-11,25,DEN,69,2324,13.6,1.4,2.0,6.2,.128
Arron Afflalo,2011-12,26,DEN,62,2086,14.7,0.1,1.1,5.3,.121
Arron Afflalo,2012-13,27,ORL,64,2307,13.0,-2.9,-0.5,2.0,.042
Arron Afflalo,2013-14,28,ORL,73,2552,16.0,-0.2,1.1,5.3,.099
Arron Afflalo,2014-15,29,2TM,78,2502,10.7,-2.5,-0.3,2.6,.050
Arron Afflalo,2014-15,29,DEN,53,1750,11.7,-1.9,0.1,1.8,.050
Arron Afflalo,2014-15,29,POR,25,752,8.2,-3.8,-0.4,0.8,.049
Arron Afflalo,2015-16,30,NYK,71,2371,10.9,-2.9,-0.5,2.7,.055
Arron Afflalo,2016-17,31,SAC,61,1580,8.9,-3.6,-0.7,1.4,.043
Arron Afflalo,2017-18,32,ORL,53,682,5.8,-5.4,-0.6,0.1,.009
Ochai Agbaji,2022-23,22,UTA,59,1209,9.5,-3.0,-0.3,1.3,.053
Ochai Agbaji,2023-24,23,2TM,78,1641,7.7,-4.4,-1.0,0.1,.002
Ochai Agbaji,2023-24,23,UTA,51,1003,8.1,-3.0,-0.3,0.4,.019
Ochai Agbaji,2023-24,23,TOR,27,638,7.1,-6.5,-0.7,-0.3,-0.024
Ochai Agbaji,2024-25,24,TOR,64,1739,12.0,-0.7,0.5,3.1,.087
Maurice Ager,2006-07,22,DAL,32,214,2.9,-8.7,-0.4,-0.3,-0.060
Maurice Ager,2007-08,23,2TM,26,165,1.8,-11.1,-0.4,-0.4,-0.114
Maurice Ager,2007-08,23,DAL,12,77,-4.4,-13.7,-0.2,-0.3,-0.181
Maurice Ager,2007-08,23,NJN,14,88,7.1,-8.7,-0.1,-0.1,-0.056
Maurice Ager,2008-09,24,NJN,20,97,2.2,-10.7,-0.2,-0.3,-0.133
Maurice Ager,2009-10,,Did not play - other pro league,,,,,,,
Maurice Ager,2010-11,26,MIN,4,29,10.1,-0.7,0.0,0.0,-0.015
Mark Aguirre,1981-82,22,DAL,51,1468,17.3,0.7,1.0,1.9,.061
Mark Aguirre,1982-83,23,DAL,81,2784,20.5,1.7,2.6,6.9,.118
Mark Aguirre,1983-84,24,DAL,79,2900,23.5,3.7,4.1,9.0,.149
Mark Aguirre,1984-85,25,DAL,80,2699,21.3,1.8,2.6,7.2,.128
Mark Aguirre,1985-86,26,DAL,74,2501,19.2,0.3,1.4,4.7,.090
Mark Aguirre,1986-87,27,DAL,80,2663,22.1,3.1,3.4,8.9,.160
Mark Aguirre,1987-88,28,DAL,77,2610,21.9,3.8,3.9,8.8,.163
Mark Aguirre,1988-89,29,2TM,80,2597,16.4,0.1,1.4,4.5,.082
Mark Aguirre,1988-89,29,DAL,44,1529,17.3,-0.4,0.6,1.7,.052
Mark Aguirre,1988-89,29,DET,36,1068,15.1,0.9,0.8,2.8,.126
Mark Aguirre,1989-90,30,DET,78,2005,15.8,1.0,1.5,5.7,.136
Mark Aguirre,1990-91,31,DET,78,2006,16.7,1.4,1.7,5.5,.132
Mark Aguirre,1991-92,32,DET,75,1582,13.7,-1.6,0.1,2.2,.066
Mark Aguirre,1992-93,33,DET,51,1056,13.7,-0.2,0.5,1.8,.082
Mark Aguirre,1993-94,34,LAC,39,859,13.1,-1.8,0.0,0.9,.050
Blake Ahearn,2007-08,23,MIA,12,177,9.0,-4.8,-0.1,0.0,-0.006
Blake Ahearn,2008-09,24,SAS,3,19,12.9,-0.9,0.0,0.1,.149
Blake Ahearn,2009-10,,Did not play - other pro league,,,,,,,
Blake Ahearn,2010-11,,Did not play - other pro league,,,,,,,
Blake Ahearn,2011-12,27,UTA,4,30,-7.3,-19.5,-0.1,-0.2,-0.315
Danny Ainge,1981-82,22,BOS,53,564,10.1,-2.7,-0.1,0.5,.042
Danny Ainge,1982-83,23,BOS,80,2048,13.2,0.2,1.2,5.2,.121
Danny Ainge,1983-84,24,BOS,71,1154,10.4,-1.8,0.0,1.8,.076
Danny Ainge,1984-85,25,BOS,75,2564,14.2,0.7,1.8,6.6,.124
Danny Ainge,1985-86,26,BOS,80,2407,13.6,0.9,1.8,6.8,.136
Danny Ainge,1986-87,27,BOS,71,2499,15.2,1.2,2.0,6.7,.128
Danny Ainge,1987-88,28,BOS,81,3018,15.9,2.4,3.3,8.6,.136
Danny Ainge,1988-89,29,2TM,73,2377,18.0,2.5,2.7,6.7,.135
Danny Ainge,1988-89,29,BOS,45,1349,17.5,2.3,1.5,3.8,.133
Danny Ainge,1988-89,29,SAC,28,1028,18.6,2.7,1.2,2.9,.136
Danny Ainge,1989-90,30,SAC,75,2727,16.1,1.1,2.1,4.8,.085
Danny Ainge,1990-91,31,POR,80,1710,17.0,3.7,2.5,6.2,.175
Danny Ainge,1991-92,32,POR,81,1595,15.4,1.9,1.6,5.2,.155
Danny Ainge,1992-93,33,PHO,80,2163,14.3,1.4,1.9,6.2,.139
Danny Ainge,1993-94,34,PHO,68,1555,11.8,-1.3,0.3,2.8,.087
Danny Ainge,1994-95,35,PHO,74,1374,14.3,0.4,0.8,3.4,.118
Matt Aitch,1967-68,23,INA,45,637,12.1,,,0.5,.040
Alexis Ajinça,2008-09,20,CHA,31,182,7.0,-7.5,-0.3,-0.1,-0.018
Alexis Ajinça,2009-10,21,CHA,6,30,6.3,-5.3,0.0,0.0,-0.013
Alexis Ajinça,2010-11,22,2TM,34,340,12.2,-3.8,-0.2,0.4,.052
Alexis Ajinça,2010-11,22,DAL,10,75,12.8,-2.9,0.0,0.1,.084
Alexis Ajinça,2010-11,22,TOR,24,265,12.0,-4.1,-0.1,0.2,.042
Alexis Ajinça,2011-12,,Did not play - other pro league,,,,,,,
Alexis Ajinça,2012-13,,Did not play - other pro league,,,,,,,
Alexis Ajinça,2013-14,25,NOP,56,951,14.6,-2.6,-0.1,2.1,.104
Alexis Ajinça,2014-15,26,NOP,68,957,19.9,-0.3,0.4,3.2,.159
Alexis Ajinça,2015-16,27,NOP,59,861,13.8,-4.0,-0.4,1.0,.058
Alexis Ajinça,2016-17,28,NOP,39,584,12.9,-3.3,-0.2,1.0,.080
Henry Akin,1966-67,22,NYK,50,453,8.5,,,-0.7,-0.073
Henry Akin,1967-68,23,SEA,36,259,6.5,,,-0.6,-0.103
Henry Akin,1968-69,24,KEN,2,25,-1.3,,,0.0,-0.002
Josh Akognon,2012-13,26,DAL,3,9,15.3,-3.0,0.0,0.0,.196
DeVaughn Akoon-Purcell,2018-19,25,DEN,7,22,8.2,-5.8,0.0,0.0,-0.051
Solomon Alabi,2010-11,22,TOR,12,59,2.0,-8.9,-0.1,-0.2,-0.142
Solomon Alabi,2011-12,23,TOR,14,122,14.2,-2.2,0.0,0.2,.083
Mark Alarie,1986-87,23,DEN,64,1110,12.5,-3.2,-0.3,1.5,.064
Mark Alarie,1987-88,24,WSB,63,769,11.6,-3.2,-0.2,0.9,.058
Mark Alarie,1988-89,25,WSB,74,1141,13.3,-2.0,0.0,2.2,.093
Mark Alarie,1989-90,26,WSB,82,1893,14.1,-1.3,0.3,3.1,.079
Mark Alarie,1990-91,27,WSB,42,587,11.3,-3.8,-0.3,0.6,.050
Mark Alarie,1991-92,,Did not play - injury,,,,,,,
Gary Alcorn,1959-60,23,DET,58,670,7.6,,,-1.3,-0.090
Gary Alcorn,1960-61,24,LAL,20,174,2.5,,,0.0,-0.002
Santi Aldama,2021-22,21,MEM,32,360,10.2,-5.7,-0.3,0.3,.044
Santi Aldama,2022-23,22,MEM,77,1682,13.9,0.5,1.1,4.6,.130
Santi Aldama,2023-24,23,MEM,61,1618,13.1,-0.2,0.7,2.4,.070
Santi Aldama,2024-25,24,MEM,65,1660,16.8,3.2,2.2,5.0,.144
Furkan Aldemir,2012-13,,Did not play - other pro league,,,,,,,
Furkan Aldemir,2013-14,,Did not play - other pro league,,,,,,,
Furkan Aldemir,2014-15,23,PHI,41,540,12.0,-3.6,-0.2,1.4,.122
Cole Aldrich,2010-11,22,OKC,18,142,7.0,-4.0,-0.1,0.2,.066
Cole Aldrich,2011-12,23,OKC,26,173,17.7,1.0,0.1,0.6,.176
Cole Aldrich,2012-13,24,2TM,45,388,11.1,-2.9,-0.1,0.6,.070
Cole Aldrich,2012-13,24,HOU,30,213,7.3,-5.0,-0.2,0.2,.038
Cole Aldrich,2012-13,24,SAC,15,175,15.7,-0.5,0.1,0.4,.109
Cole Aldrich,2013-14,25,NYK,46,330,19.1,1.5,0.3,1.2,.178
Cole Aldrich,2014-15,26,NYK,61,976,18.1,0.3,0.6,2.2,.107
Cole Aldrich,2015-16,27,LAC,60,800,21.3,2.4,0.9,3.5,.209
Cole Aldrich,2016-17,28,MIN,62,531,12.7,-0.8,0.2,1.3,.116
Cole Aldrich,2017-18,29,MIN,21,49,6.0,-7.5,-0.1,0.0,-0.013
LaMarcus Aldridge,2006-07,21,POR,63,1392,17.1,-1.4,0.2,3.4,.118
LaMarcus Aldridge,2007-08,22,POR,76,2649,18.5,0.2,1.5,6.2,.113
LaMarcus Aldridge,2008-09,23,POR,81,3004,19.1,1.3,2.5,9.5,.151
LaMarcus Aldridge,2009-10,24,POR,78,2922,18.2,1.2,2.3,8.8,.145
LaMarcus Aldridge,2010-11,25,POR,81,3211,21.5,2.1,3.4,11.1,.166
LaMarcus Aldridge,2011-12,26,POR,55,1994,22.7,3.0,2.5,7.0,.169
LaMarcus Aldridge,2012-13,27,POR,74,2790,20.4,1.3,2.3,7.2,.124
LaMarcus Aldridge,2013-14,28,POR,69,2498,21.8,2.3,2.7,7.5,.144
LaMarcus Aldridge,2014-15,29,POR,71,2512,22.8,2.9,3.1,8.6,.165
LaMarcus Aldridge,2015-16,30,SAS,74,2261,22.4,2.3,2.5,10.1,.215
LaMarcus Aldridge,2016-17,31,SAS,72,2335,18.6,0.8,1.7,7.2,.149
LaMarcus Aldridge,2017-18,32,SAS,75,2509,25.0,3.9,3.7,10.9,.209
LaMarcus Aldridge,2018-19,33,SAS,81,2687,22.9,1.8,2.6,9.3,.167
LaMarcus Aldridge,2019-20,34,SAS,53,1754,19.7,1.4,1.5,4.5,.122
LaMarcus Aldridge,2020-21,35,2TM,26,674,15.7,-0.3,0.3,1.1,.080
LaMarcus Aldridge,2020-21,35,SAS,21,544,15.1,-0.9,0.2,0.8,.067
LaMarcus Aldridge,2020-21,35,BRK,5,130,18.2,2.2,0.1,0.4,.135
LaMarcus Aldridge,2021-22,36,BRK,47,1050,19.6,0.7,0.7,3.1,.141
Chuck Aleksinas,1982-83,,Did not play - waived,,,,,,,
Chuck Aleksinas,1983-84,,Did not play - other pro league,,,,,,,
Chuck Aleksinas,1984-85,25,GSW,74,1114,9.1,-5.6,-1.0,0.4,.019
Cliff Alexander,2015-16,20,POR,8,36,11.6,0.0,0.0,0.0,.052
Cory Alexander,1995-96,22,SAS,60,560,8.7,-4.3,-0.3,0.2,.021
Cory Alexander,1996-97,23,SAS,80,1454,14.3,-0.6,0.5,1.1,.035
Cory Alexander,1997-98,24,2TM,60,1298,15.2,0.5,0.8,2.2,.081
Cory Alexander,1997-98,24,SAS,37,501,11.1,-1.2,0.1,0.7,.065
Cory Alexander,1997-98,24,DEN,23,797,17.8,1.5,0.7,1.5,.091
Cory Alexander,1998-99,25,DEN,36,778,11.0,-3.4,-0.3,-0.3,-0.016
Cory Alexander,1999-00,26,DEN,29,329,8.8,-2.4,0.0,-0.1,-0.012
Cory Alexander,2000-01,27,ORL,26,227,6.3,-6.0,-0.2,-0.1,-0.031
Cory Alexander,2001-02,,Did not play - unsigned,,,,,,,
Cory Alexander,2002-03,,Did not play - other pro league,,,,,,,
Cory Alexander,2003-04,,Did not play - other pro league,,,,,,,
Cory Alexander,2004-05,31,CHA,16,201,8.8,-3.4,-0.1,0.0,.002
Courtney Alexander,2000-01,23,2TM,65,1382,11.6,-4.3,-0.8,0.8,.027
Courtney Alexander,2000-01,23,DAL,38,472,6.8,-6.2,-0.5,-0.1,-0.013
Courtney Alexander,2000-01,23,WAS,27,910,14.2,-3.3,-0.3,0.9,.048
Courtney Alexander,2001-02,24,WAS,56,1325,13.6,-2.2,-0.1,2.2,.080
Courtney Alexander,2002-03,25,NOH,66,1360,9.3,-4.5,-0.9,1.1,.040
Gary Alexander,1993-94,24,2TM,11,55,8.6,-8.1,-0.1,0.0,-0.032
Gary Alexander,1993-94,24,MIA,4,12,0.8,-10.0,0.0,0.0,-0.090
Gary Alexander,1993-94,24,CLE,7,43,10.7,-7.6,-0.1,0.0,-0.015
Joe Alexander,2008-09,22,MIL,59,716,10.1,-3.5,-0.3,0.4,.030
Joe Alexander,2009-10,23,CHI,8,29,2.8,-8.3,0.0,0.0,.030
Kyle Alexander,2019-20,23,MIA,2,13,4.7,-10.1,0.0,0.0,-0.003
Trey Alexander,2024-25,21,DEN,24,117,2.9,-9.7,-0.2,-0.2,-0.077
Ty-Shon Alexander,2020-21,22,PHO,15,47,4.2,-6.5,-0.1,0.0,-0.048
Victor Alexander,1991-92,22,GSW,80,1350,13.9,-2.0,0.0,2.5,.090
Victor Alexander,1992-93,23,GSW,72,1753,14.3,-1.6,0.2,3.0,.083
Victor Alexander,1993-94,24,GSW,69,1318,14.0,-2.1,0.0,2.3,.083
Victor Alexander,1994-95,25,GSW,50,1237,12.8,-2.9,-0.3,1.1,.044
Victor Alexander,1995-96,,Did not play - waived,,,,,,,
Victor Alexander,1996-97,,Did not play - other pro league,,,,,,,
Victor Alexander,1997-98,,Did not play - other pro league,,,,,,,
Victor Alexander,1998-99,,Did not play - other pro league,,,,,,,
Victor Alexander,1999-00,,Did not play - other pro league,,,,,,,
Victor Alexander,2000-01,,Did not play - other pro league,,,,,,,
Victor Alexander,2001-02,32,DET,15,97,9.2,-8.8,-0.2,-0.1,-0.073
Nickeil Alexander-Walker,2019-20,21,NOP,47,591,8.9,-4.6,-0.4,-0.2,-0.020
Nickeil Alexander-Walker,2020-21,22,NOP,46,1007,12.5,-1.3,0.2,0.7,.035
Nickeil Alexander-Walker,2021-22,23,2TM,65,1466,10.5,-2.9,-0.3,0.1,.003
Nickeil Alexander-Walker,2021-22,23,NOP,50,1317,10.5,-3.0,-0.3,-0.1,-0.005
Nickeil Alexander-Walker,2021-22,23,UTA,15,149,10.2,-1.7,0.0,0.2,.070
Nickeil Alexander-Walker,2022-23,24,2TM,59,884,11.6,-0.9,0.2,1.1,.062
Nickeil Alexander-Walker,2022-23,24,UTA,36,528,13.0,0.5,0.3,0.8,.074
Nickeil Alexander-Walker,2022-23,24,MIN,23,356,9.6,-3.0,-0.1,0.3,.044
Nickeil Alexander-Walker,2023-24,25,MIN,82,1921,10.9,0.2,1.1,4.3,.107
Nickeil Alexander-Walker,2024-25,26,MIN,82,2073,11.6,-0.4,0.8,4.3,.099
Steve Alford,1987-88,23,DAL,28,197,11.6,-1.1,0.0,0.3,.082
Steve Alford,1988-89,24,2TM,66,906,11.9,-2.5,-0.1,1.4,.072
Steve Alford,1988-89,24,DAL,9,38,7.2,-4.4,0.0,0.0,-0.026
Steve Alford,1988-89,24,GSW,57,868,12.1,-2.5,-0.1,1.4,.076
Steve Alford,1989-90,25,DAL,41,302,18.7,1.6,0.3,0.9,.144
Steve Alford,1990-91,26,DAL,34,236,20.5,2.1,0.2,0.6,.121
Rawle Alkins,2018-19,21,CHI,10,120,8.1,-7.3,-0.2,-0.1,-0.042
Bill Allen,1967-68,,ANA,38,857,11.9,,,0.6,.033
Bob Allen,1968-69,22,SFW,27,232,6.8,,,0.1,.028
Grayson Allen,2018-19,23,UTA,38,416,7.5,-6.3,-0.5,0.0,.002
Grayson Allen,2019-20,24,MEM,38,718,12.0,-1.3,0.1,1.2,.082
Grayson Allen,2020-21,25,MEM,50,1259,12.8,-0.2,0.6,2.7,.101
Grayson Allen,2021-22,26,MIL,66,1805,12.7,0.4,1.1,4.2,.110
Grayson Allen,2022-23,27,MIL,72,1972,12.3,0.1,1.0,5.1,.123
Grayson Allen,2023-24,28,PHO,75,2513,13.8,1.3,2.0,6.9,.132
Grayson Allen,2024-25,29,PHO,64,1544,13.7,-0.3,0.7,2.5,.079
Jarrett Allen,2017-18,19,BRK,72,1441,17.5,-0.8,0.5,4.2,.141
Jarrett Allen,2018-19,20,BRK,80,2096,18.5,1.6,1.9,7.6,.175
Jarrett Allen,2019-20,21,BRK,70,1852,20.7,2.3,2.0,8.2,.212
Jarrett Allen,2020-21,22,2TM,63,1864,20.1,1.1,1.4,6.4,.166
Jarrett Allen,2020-21,22,BRK,12,320,21.5,2.6,0.4,1.4,.216
Jarrett Allen,2020-21,22,CLE,51,1544,19.8,0.8,1.1,5.0,.155
Jarrett Allen,2021-22,23,CLE,56,1809,23.0,3.9,2.7,8.5,.225
Jarrett Allen,2022-23,24,CLE,68,2220,19.9,2.4,2.4,9.5,.205
Jarrett Allen,2023-24,25,CLE,77,2442,21.8,3.0,3.1,10.7,.210
Jarrett Allen,2024-25,26,CLE,82,2296,22.1,4.2,3.6,11.6,.243
Jerome Allen,1995-96,23,MIN,41,362,7.8,-4.6,-0.2,-0.3,-0.033
Jerome Allen,1996-97,24,2TM,76,943,8.7,-2.6,-0.1,0.4,.021
Jerome Allen,1996-97,24,IND,51,692,8.7,-2.3,-0.1,0.5,.035
Jerome Allen,1996-97,24,DEN,25,251,8.9,-3.5,-0.1,-0.1,-0.019
Kadeem Allen,2017-18,25,BOS,18,107,2.6,-7.7,-0.2,-0.1,-0.038
Kadeem Allen,2018-19,26,NYK,19,416,16.2,0.5,0.3,1.0,.111
Kadeem Allen,2019-20,27,NYK,10,117,14.0,-0.9,0.0,0.1,.053
Lavoy Allen,2011-12,22,PHI,41,624,12.7,-1.7,0.0,1.6,.124
Lavoy Allen,2012-13,23,PHI,79,1669,11.5,-3.3,-0.6,2.5,.072
Lavoy Allen,2013-14,24,2TM,65,1072,12.5,-3.5,-0.4,1.5,.066
Lavoy Allen,2013-14,24,PHI,51,960,11.9,-3.8,-0.4,1.1,.053
Lavoy Allen,2013-14,24,IND,14,112,17.5,-0.5,0.0,0.4,.180
Lavoy Allen,2014-15,25,IND,63,1070,14.9,0.0,0.6,2.8,.127
Lavoy Allen,2015-16,26,IND,79,1599,12.4,-1.6,0.2,3.7,.110
Lavoy Allen,2016-17,27,IND,61,871,11.6,-1.7,0.1,1.7,.093
Lucius Allen,1969-70,22,SEA,81,1817,13.7,,,2.2,.059
Lucius Allen,1970-71,23,MIL,61,1162,12.2,,,1.9,.078
Lucius Allen,1971-72,24,MIL,80,2316,15.9,,,7.6,.157
Lucius Allen,1972-73,25,MIL,80,2693,16.0,,,7.6,.135
Lucius Allen,1973-74,26,MIL,72,2388,18.8,2.5,2.7,8.2,.164
Lucius Allen,1974-75,27,2TM,66,2353,17.5,0.4,1.4,3.6,.074
Lucius Allen,1974-75,27,MIL,10,342,15.7,-1.2,0.1,0.4,.059
Lucius Allen,1974-75,27,LAL,56,2011,17.8,0.7,1.4,3.2,.077
Lucius Allen,1975-76,28,LAL,76,2388,15.1,-1.2,0.5,3.9,.079
Lucius Allen,1976-77,29,LAL,78,2482,15.6,0.0,1.2,4.9,.094
Lucius Allen,1977-78,30,KCK,77,2147,13.3,-1.0,0.6,2.1,.046
Lucius Allen,1978-79,31,KCK,31,413,8.7,-3.3,-0.1,0.1,.007
Malik Allen,2001-02,23,MIA,12,161,15.0,-1.1,0.0,0.5,.141
Malik Allen,2002-03,24,MIA,80,2318,9.9,-4.4,-1.4,0.9,.018
Malik Allen,2003-04,25,MIA,45,616,10.5,-3.8,-0.3,0.7,.051
Malik Allen,2004-05,26,2TM,36,519,14.2,-1.8,0.0,1.1,.100
Malik Allen,2004-05,26,MIA,14,248,13.6,-1.6,0.0,0.6,.113
Malik Allen,2004-05,26,CHA,22,271,14.8,-2.0,0.0,0.5,.088
Malik Allen,2005-06,27,CHI,54,701,11.5,-2.7,-0.1,1.0,.068
Malik Allen,2006-07,28,CHI,60,638,10.4,-3.4,-0.2,1.0,.073
Malik Allen,2007-08,29,2TM,73,1096,9.8,-3.5,-0.4,1.0,.045
Malik Allen,2007-08,29,NJN,48,763,10.1,-3.6,-0.3,0.4,.023
Malik Allen,2007-08,29,DAL,25,333,9.1,-3.3,-0.1,0.7,.096
Malik Allen,2008-09,30,MIL,49,579,7.3,-4.5,-0.4,0.3,.024
Malik Allen,2009-10,31,DEN,51,456,5.9,-5.7,-0.4,0.1,.009
Malik Allen,2010-11,32,ORL,18,178,3.3,-5.4,-0.2,0.2,.046
Randy Allen,1988-89,24,SAC,7,43,6.9,-7.2,-0.1,0.0,-0.035
Randy Allen,1989-90,25,SAC,63,746,8.4,-5.2,-0.6,0.2,.014
Ray Allen,1996-97,21,MIL,82,2532,14.6,-0.1,1.2,4.9,.092
Ray Allen,1997-98,22,MIL,82,3287,16.2,1.0,2.5,7.0,.102
Ray Allen,1998-99,23,MIL,50,1719,18.9,2.4,1.9,5.2,.146
Ray Allen,1999-00,24,MIL,82,3070,20.6,3.6,4.3,10.1,.157
Ray Allen,2000-01,25,MIL,82,3129,22.9,5.5,5.9,13.7,.211
Ray Allen,2001-02,26,MIL,69,2525,21.6,4.9,4.4,8.9,.169
Ray Allen,2002-03,27,2TM,76,2880,21.3,3.6,4.1,9.1,.152
Ray Allen,2002-03,27,MIL,47,1683,19.9,1.6,1.5,4.3,.123
Ray Allen,2002-03,27,SEA,29,1197,23.3,6.6,2.6,4.8,.193
Ray Allen,2003-04,28,SEA,56,2152,21.7,4.0,3.2,6.9,.153
Ray Allen,2004-05,29,SEA,78,3064,20.9,4.1,4.8,10.7,.168
Ray Allen,2005-06,30,SEA,78,3022,22.2,4.4,4.9,9.5,.150
Ray Allen,2006-07,31,SEA,55,2219,21.6,3.7,3.2,6.3,.136
Ray Allen,2007-08,32,BOS,73,2624,16.4,3.0,3.3,9.7,.177
Ray Allen,2008-09,33,BOS,79,2876,17.3,4.0,4.3,11.1,.186
Ray Allen,2009-10,34,BOS,80,2819,15.2,1.2,2.3,7.9,.135
Ray Allen,2010-11,35,BOS,80,2890,16.4,2.9,3.6,10.0,.166
Ray Allen,2011-12,36,BOS,46,1565,14.8,2.2,1.6,4.7,.145
Ray Allen,2012-13,37,MIA,79,2035,14.7,0.3,1.2,5.4,.126
Ray Allen,2013-14,38,MIA,73,1936,12.8,-0.4,0.8,4.1,.101
Timmy Allen,2023-24,24,MEM,5,125,0.8,-11.1,-0.3,-0.1,-0.041
Tony Allen,2004-05,23,BOS,77,1262,14.7,0.1,0.7,2.7,.103
Tony Allen,2005-06,24,BOS,51,978,12.9,-1.4,0.1,1.7,.082
Tony Allen,2006-07,25,BOS,33,805,17.0,1.0,0.6,1.9,.111
Tony Allen,2007-08,26,BOS,75,1373,10.7,-1.7,0.1,2.7,.093
Tony Allen,2008-09,27,BOS,46,887,12.9,0.1,0.5,1.6,.085
Tony Allen,2009-10,28,BOS,54,889,14.2,0.4,0.5,1.9,.100
Tony Allen,2010-11,29,MEM,72,1494,18.4,3.6,2.1,4.7,.152
Tony Allen,2011-12,30,MEM,58,1525,15.7,1.7,1.4,4.2,.131
Tony Allen,2012-13,31,MEM,79,2109,13.2,0.4,1.2,5.1,.115
Tony Allen,2013-14,32,MEM,55,1278,15.6,1.0,1.0,2.7,.100
Tony Allen,2014-15,33,MEM,63,1648,14.6,1.6,1.5,4.1,.119
Tony Allen,2015-16,34,MEM,64,1620,12.9,-1.0,0.4,2.4,.072
Tony Allen,2016-17,35,MEM,71,1914,13.3,-1.0,0.5,3.1,.077
Tony Allen,2017-18,36,NOP,22,273,8.7,-5.5,-0.2,0.1,.017
Willie Allen,1971-72,22,FLO,7,30,5.7,,,0.0,-0.021
Willie Allen,1972-73,,Did not play - other pro league,,,,,,,
Odis Allison,1971-72,22,GSW,36,166,4.7,,,-0.6,-0.181
Lance Allred,2007-08,26,CLE,3,10,-1.0,-11.1,0.0,0.0,-0.125
Darrell Allums,1980-81,22,DAL,22,276,5.3,-5.6,-0.3,-0.3,-0.054
Morris Almond,2007-08,22,UTA,9,39,2.0,-12.0,-0.1,-0.1,-0.081
Morris Almond,2008-09,23,UTA,25,255,7.3,-6.3,-0.3,0.1,.010
Morris Almond,2009-10,,Did not play - other pro league,,,,,,,
Morris Almond,2010-11,,Did not play - other pro league,,,,,,,
Morris Almond,2011-12,26,WAS,4,67,8.7,-1.8,0.0,0.0,.032
Derrick Alston,1994-95,22,PHI,64,1032,11.6,-2.6,-0.2,1.0,.045
Derrick Alston,1995-96,23,PHI,73,1614,11.8,-2.8,-0.3,1.7,.052
Derrick Alston,1996-97,24,ATL,2,11,-9.0,-21.6,-0.1,-0.1,-0.415
Rafer Alston,1998-99,,Did not play - other pro league,,,,,,,
Rafer Alston,1999-00,23,MIL,27,361,4.3,-7.3,-0.5,-0.7,-0.095
Rafer Alston,2000-01,24,MIL,37,288,12.1,-2.1,0.0,0.3,.055
Rafer Alston,2001-02,25,MIL,50,600,13.9,-0.7,0.2,0.7,.059
Rafer Alston,2002-03,26,TOR,47,980,14.4,-0.8,0.3,1.2,.059
Rafer Alston,2003-04,27,MIA,82,2581,13.7,0.9,1.9,5.9,.110
Rafer Alston,2004-05,28,TOR,80,2717,16.5,0.9,2.0,5.5,.098
Rafer Alston,2005-06,29,HOU,63,2431,12.6,-0.4,1.0,3.4,.067
Rafer Alston,2006-07,30,HOU,82,3040,12.9,0.6,2.0,6.6,.104
Rafer Alston,2007-08,31,HOU,74,2526,13.2,0.5,1.6,5.0,.095
Rafer Alston,2008-09,32,2TM,77,2447,13.8,0.8,1.8,5.3,.104
Rafer Alston,2008-09,32,HOU,48,1591,12.8,0.2,0.9,2.9,.088
Rafer Alston,2008-09,32,ORL,29,856,15.6,2.0,0.9,2.4,.135
Rafer Alston,2009-10,33,2TM,52,1421,8.2,-3.8,-0.6,-0.4,-0.013
Rafer Alston,2009-10,33,NJN,27,766,8.7,-4.0,-0.4,-0.8,-0.051
Rafer Alston,2009-10,33,MIA,25,655,7.7,-3.4,-0.2,0.4,.031
Rafer Alston,2010-11,,Did not play - other pro league,,,,,,,
Peter Aluma,1998-99,25,SAC,2,5,3.1,-19.8,0.0,0.0,-0.206
Jose Alvarado,2021-22,23,NOP,54,834,16.4,1.9,0.8,2.1,.121
Jose Alvarado,2022-23,24,NOP,61,1310,11.8,-1.2,0.3,1.8,.066
Jose Alvarado,2023-24,25,NOP,56,1028,12.5,-0.1,0.5,2.1,.097
Jose Alvarado,2024-25,26,NOP,56,1366,13.4,-1.4,0.2,1.2,.043
John Amaechi,1995-96,25,CLE,28,357,3.1,-9.1,-0.6,-0.6,-0.075
John Amaechi,1996-97,,Did not play - other pro league,,,,,,,
John Amaechi,1997-98,,Did not play - other pro league,,,,,,,
John Amaechi,1998-99,,Did not play - other pro league,,,,,,,
John Amaechi,1999-00,29,ORL,80,1684,13.2,-2.5,-0.2,2.4,.067
John Amaechi,2000-01,30,ORL,82,1710,8.7,-6.1,-1.7,0.0,.001
John Amaechi,2001-02,31,UTA,54,586,5.4,-8.2,-0.9,-0.7,-0.056
John Amaechi,2002-03,32,UTA,50,474,3.1,-8.0,-0.7,-0.7,-0.070
Ashraf Amaya,1995-96,24,VAN,54,1104,11.8,-4.8,-0.8,1.8,.078
Ashraf Amaya,1996-97,25,WSB,31,144,8.8,-7.1,-0.2,0.1,.019
Al-Farouq Aminu,2010-11,20,LAC,81,1452,9.6,-2.8,-0.3,0.7,.022
Al-Farouq Aminu,2011-12,21,NOH,66,1477,10.6,-2.2,-0.1,1.4,.044
Al-Farouq Aminu,2012-13,22,NOH,76,2066,13.7,-0.1,1.0,3.1,.073
Al-Farouq Aminu,2013-14,23,NOP,80,2045,13.2,-0.6,0.7,3.1,.072
Al-Farouq Aminu,2014-15,24,DAL,74,1366,14.4,0.7,1.0,3.3,.115
Al-Farouq Aminu,2015-16,25,POR,82,2341,12.7,0.1,1.2,4.0,.082
Al-Farouq Aminu,2016-17,26,POR,61,1773,11.3,-1.1,0.4,1.9,.051
Al-Farouq Aminu,2017-18,27,POR,69,2072,12.0,0.4,1.3,4.2,.097
Al-Farouq Aminu,2018-19,28,POR,81,2292,13.2,0.7,1.5,5.8,.121
Al-Farouq Aminu,2019-20,29,ORL,18,380,7.6,-3.0,-0.1,0.1,.014
Al-Farouq Aminu,2020-21,30,2TM,23,434,8.9,-3.8,-0.2,0.1,.010
Al-Farouq Aminu,2020-21,30,ORL,17,367,9.9,-3.1,-0.1,0.1,.014
Al-Farouq Aminu,2020-21,30,CHI,6,67,3.0,-7.3,-0.1,0.0,-0.013
Lou Amundson,2006-07,24,2TM,11,89,9.6,-4.8,-0.1,0.1,.039
Lou Amundson,2006-07,24,UTA,1,2,0.0,-7.3,0.0,0.0,-0.004
Lou Amundson,2006-07,24,PHI,10,87,9.8,-4.8,-0.1,0.1,.040
Lou Amundson,2007-08,25,PHI,16,64,7.4,-8.5,-0.1,0.1,.043
Lou Amundson,2008-09,26,PHO,76,1044,13.3,-2.5,-0.1,1.8,.082
Lou Amundson,2009-10,27,PHO,79,1168,14.4,-1.1,0.3,2.9,.118
Lou Amundson,2010-11,28,GSW,46,691,11.5,-4.5,-0.4,0.6,.044
Lou Amundson,2011-12,29,IND,60,753,11.5,-4.0,-0.4,1.0,.062
Lou Amundson,2012-13,30,3TM,39,372,9.3,-4.2,-0.2,0.1,.019
Lou Amundson,2012-13,30,MIN,20,161,6.3,-7.9,-0.2,-0.1,-0.038
Lou Amundson,2012-13,30,CHI,1,2,0.0,-22.8,0.0,0.0,-0.274
Lou Amundson,2012-13,30,NOH,18,209,11.7,-1.1,0.0,0.3,.065
Lou Amundson,2013-14,31,2TM,19,185,9.1,-6.5,-0.2,0.1,.024
Lou Amundson,2013-14,31,NOP,18,184,9.2,-6.5,-0.2,0.1,.024
Lou Amundson,2013-14,31,CHI,1,1,0.0,-8.3,0.0,0.0,.029
Lou Amundson,2014-15,32,2TM,53,937,11.8,-4.3,-0.5,0.3,.017
Lou Amundson,2014-15,32,CLE,12,79,3.8,-8.2,-0.1,0.0,-0.011
Lou Amundson,2014-15,32,NYK,41,858,12.5,-3.9,-0.4,0.4,.020
Lou Amundson,2015-16,33,NYK,29,204,6.7,-6.9,-0.3,-0.1,-0.014
Bob Anderegg,1959-60,22,NYK,33,373,9.3,,,0.0,.002
Chris Andersen,1999-00,,Did not play - other pro league,,,,,,,
Chris Andersen,2000-01,,Did not play - other pro league,,,,,,,
Chris Andersen,2001-02,23,DEN,24,262,13.8,-3.0,-0.1,0.3,.058
Chris Andersen,2002-03,24,DEN,59,907,14.0,-2.0,0.0,1.1,.059
Chris Andersen,2003-04,25,DEN,71,1029,14.4,0.4,0.6,2.4,.111
Chris Andersen,2004-05,26,NOH,67,1430,18.5,1.6,1.3,4.5,.152
Chris Andersen,2005-06,27,NOK,32,570,14.1,-1.2,0.1,1.3,.112
Chris Andersen,2006-07,,Did not play - suspended,,,,,,,
Chris Andersen,2007-08,29,NOH,5,34,6.1,-6.5,0.0,0.0,.012
Chris Andersen,2008-09,30,DEN,71,1460,18.1,2.2,1.5,5.4,.176
Chris Andersen,2009-10,31,DEN,76,1695,15.8,1.8,1.6,5.9,.166
Chris Andersen,2010-11,32,DEN,45,732,19.0,3.0,0.9,3.2,.207
Chris Andersen,2011-12,33,DEN,32,486,18.9,2.3,0.5,1.9,.183
Chris Andersen,2012-13,34,MIA,42,624,17.4,-0.2,0.3,2.7,.207
Chris Andersen,2013-14,35,MIA,72,1396,18.5,1.2,1.1,6.0,.205
Chris Andersen,2014-15,36,MIA,60,1132,16.1,1.1,0.9,3.6,.151
Chris Andersen,2015-16,37,2TM,27,402,15.3,0.7,0.3,1.3,.149
Chris Andersen,2015-16,37,MIA,7,36,17.6,4.5,0.1,0.1,.165
Chris Andersen,2015-16,37,MEM,20,366,15.1,0.4,0.2,1.1,.148
Chris Andersen,2016-17,38,CLE,12,114,11.6,-2.5,0.0,0.2,.102
David Andersen,2002-03,,Did not play - other pro league,,,,,,,
David Andersen,2003-04,,Did not play - other pro league,,,,,,,
David Andersen,2004-05,,Did not play - other pro league,,,,,,,
David Andersen,2005-06,,Did not play - other pro league,,,,,,,
David Andersen,2006-07,,Did not play - other pro league,,,,,,,
David Andersen,2007-08,,Did not play - other pro league,,,,,,,
David Andersen,2008-09,,Did not play - other pro league,,,,,,,
David Andersen,2009-10,29,HOU,63,891,12.1,-2.6,-0.1,1.3,.070
David Andersen,2010-11,30,2TM,40,373,10.9,-3.4,-0.1,0.3,.032
David Andersen,2010-11,30,TOR,11,150,13.8,-0.5,0.1,0.2,.063
David Andersen,2010-11,30,NOH,29,223,8.9,-5.4,-0.2,0.1,.012
Alan Anderson,2005-06,23,CHA,36,564,10.4,-3.3,-0.2,0.4,.037
Alan Anderson,2006-07,24,CHA,17,256,10.1,-4.5,-0.2,0.1,.024
Alan Anderson,2007-08,,Did not play - other pro league,,,,,,,
Alan Anderson,2008-09,,Did not play - other pro league,,,,,,,
Alan Anderson,2009-10,,Did not play - other pro league,,,,,,,
Alan Anderson,2010-11,,Did not play - other pro league,,,,,,,
Alan Anderson,2011-12,29,TOR,17,461,8.7,-3.0,-0.1,0.3,.032
Alan Anderson,2012-13,30,TOR,65,1495,12.6,-1.8,0.1,1.6,.052
Alan Anderson,2013-14,31,BRK,78,1773,9.5,-2.8,-0.4,1.7,.047
Alan Anderson,2014-15,32,BRK,74,1744,10.6,-1.5,0.2,2.7,.075
Alan Anderson,2015-16,33,WAS,13,192,9.2,-2.3,0.0,0.3,.078
Alan Anderson,2016-17,34,LAC,30,308,5.0,-6.1,-0.3,0.1,.020
Andy Anderson,1967-68,22,OAK,77,1894,7.6,,,-0.5,-0.012
Andy Anderson,1968-69,23,2TM,36,742,13.6,,,1.7,.107
Andy Anderson,1968-69,23,OAK,3,24,15.7,,,0.1,.165
Andy Anderson,1968-69,23,MMF,33,718,13.6,,,1.6,.105
Andy Anderson,1969-70,24,2TM,81,2150,13.0,,,2.3,.052
Andy Anderson,1969-70,24,MMF,32,617,12.3,,,1.0,.078
Andy Anderson,1969-70,24,LAS,49,1533,13.2,,,1.3,.041
Antonio Anderson,2009-10,24,OKC,1,15,-1.7,-12.4,0.0,0.0,-0.104
Cliff Anderson,1967-68,23,LAL,18,94,4.5,,,-0.2,-0.113
Cliff Anderson,1968-69,24,LAL,35,289,11.5,,,0.4,.063
Cliff Anderson,1969-70,25,DNR,3,22,6.7,,,0.0,.082
Cliff Anderson,1970-71,26,2TM,28,198,12.8,,,0.1,.022
Cliff Anderson,1970-71,26,CLE,23,171,13.2,,,0.1,.022
Cliff Anderson,1970-71,26,PHI,5,27,10.1,,,0.0,.021
Dan Anderson,1965-66,,Did not play - other pro league,,,,,,,
Dan Anderson,1966-67,,Did not play - other pro league,,,,,,,
Dan Anderson,1967-68,24,NJA,78,2626,18.3,,,7.9,.145
Dan Anderson,1968-69,25,3TM,62,1399,15.9,,,3.0,.103
Dan Anderson,1968-69,25,NYA,25,677,15.6,,,1.1,.077
Dan Anderson,1968-69,25,KEN,8,94,3.9,,,0.0,.015
Dan Anderson,1968-69,25,MNP,29,628,18.0,,,1.9,.145
Dan Anderson,1974-75,24,POR,43,453,11.2,-2.3,0.0,0.5,.050
Dan Anderson,1975-76,25,POR,52,614,13.1,-1.4,0.1,1.1,.086
Derek Anderson,1997-98,23,CLE,66,1839,15.3,1.7,1.7,5.3,.139
Derek Anderson,1998-99,24,CLE,38,978,16.5,1.6,0.9,2.1,.105
Derek Anderson,1999-00,25,LAC,64,2201,16.9,-0.1,1.1,3.3,.073
Derek Anderson,2000-01,26,SAS,82,2859,17.1,2.4,3.2,9.9,.166
Derek Anderson,2001-02,27,POR,70,1860,15.5,1.6,1.7,5.3,.137
Derek Anderson,2002-03,28,POR,76,2556,16.9,2.3,2.8,8.1,.153
Derek Anderson,2003-04,29,POR,51,1810,15.1,0.3,1.0,3.6,.097
Derek Anderson,2004-05,30,POR,47,1239,11.7,-1.2,0.2,1.3,.052
Derek Anderson,2005-06,31,2TM,43,1047,10.8,-1.2,0.2,1.6,.074
Derek Anderson,2005-06,31,HOU,20,582,12.5,0.3,0.3,1.0,.084
Derek Anderson,2005-06,31,MIA,23,465,8.7,-3.1,-0.1,0.6,.061
Derek Anderson,2006-07,32,CHA,50,1190,13.7,0.4,0.7,2.9,.117
Derek Anderson,2007-08,33,CHA,28,396,10.0,-3.2,-0.1,0.3,.032
Dwight Anderson,1982-83,22,DEN,5,33,10.6,-4.8,0.0,0.0,.001
Eric Anderson,1992-93,22,NYK,16,44,11.3,-5.6,0.0,0.1,.091
Eric Anderson,1993-94,23,NYK,11,39,15.2,-5.1,0.0,0.1,.126
Greg Anderson,1987-88,23,SAS,82,1984,14.7,-2.7,-0.4,2.3,.056
Greg Anderson,1988-89,24,SAS,82,2401,14.9,-2.0,0.0,3.4,.069
Greg Anderson,1989-90,25,MIL,60,1291,13.0,-3.8,-0.6,2.0,.073
Greg Anderson,1990-91,26,3TM,68,924,9.1,-6.1,-1.0,-0.3,-0.017
Greg Anderson,1990-91,26,MIL,26,247,7.5,-7.9,-0.4,-0.1,-0.027
Greg Anderson,1990-91,26,NJN,1,18,26.4,9.6,0.1,0.1,.300
Greg Anderson,1990-91,26,DEN,41,659,9.2,-5.9,-0.7,-0.3,-0.022
Greg Anderson,1991-92,27,DEN,82,2793,12.6,-3.4,-1.0,3.0,.052
Greg Anderson,1992-93,,Did not play - other pro league,,,,,,,
Greg Anderson,1993-94,29,DET,77,1624,14.6,-1.6,0.2,3.4,.101
Greg Anderson,1994-95,30,ATL,51,622,12.6,-2.2,0.0,1.5,.118
Greg Anderson,1995-96,31,SAS,46,344,7.7,-3.5,-0.1,0.4,.056
Greg Anderson,1996-97,32,SAS,82,1659,11.4,-3.5,-0.6,2.2,.064
Greg Anderson,1997-98,33,ATL,50,398,10.4,-3.4,-0.1,0.7,.090
J.J. Anderson,1982-83,22,2TM,65,1202,13.7,-0.9,0.3,2.3,.094
J.J. Anderson,1982-83,22,PHI,13,48,3.9,-5.9,-0.1,-0.1,-0.082
J.J. Anderson,1982-83,22,UTA,52,1154,14.2,-0.7,0.4,2.4,.101
J.J. Anderson,1983-84,23,UTA,48,311,11.6,-3.1,-0.1,0.1,.013
J.J. Anderson,1984-85,24,UTA,44,457,8.2,-3.8,-0.2,0.2,.025
