player_name,player_url,letter
Dean Wade,https://www.basketball-reference.com/players/w/wadede01.html,W
Dwyane Wade,https://www.basketball-reference.com/players/w/wadedw01.html,W
Mark Wade,https://www.basketball-reference.com/players/w/wadema01.html,W
Von Wafer,https://www.basketball-reference.com/players/w/wafervo01.html,W
Clint Wager,https://www.basketball-reference.com/players/w/wagercl01.html,W
Dajuan Wagner,https://www.basketball-reference.com/players/w/wagneda02.html,W
Danny Wagner,https://www.basketball-reference.com/players/w/wagneda01.html,W
Franz Wagner,https://www.basketball-reference.com/players/w/wagnefr01.html,W
Milt Wagner,https://www.basketball-reference.com/players/w/wagnemi01.html,W
Moritz Wagner,https://www.basketball-reference.com/players/w/wagnemo01.html,W
Phil Wagner,https://www.basketball-reference.com/players/w/wagneph01.html,W
Ish Wainright,https://www.basketball-reference.com/players/w/wainris01.html,W
Dion Waiters,https://www.basketball-reference.com/players/w/waitedi01.html,W
Granville Waiters,https://www.basketball-reference.com/players/w/waitegr01.html,W
Andre Wakefield,https://www.basketball-reference.com/players/w/wakefan01.html,W
Neal Walk,https://www.basketball-reference.com/players/w/walkne01.html,W
Andy Walker,https://www.basketball-reference.com/players/w/walkean01.html,W
Antoine Walker,https://www.basketball-reference.com/players/w/walkean02.html,W
Brady Walker,https://www.basketball-reference.com/players/w/walkebr01.html,W
Chet Walker,https://www.basketball-reference.com/players/w/walkech01.html,W
Darrell Walker,https://www.basketball-reference.com/players/w/walkeda01.html,W
Foots Walker,https://www.basketball-reference.com/players/w/walkefo01.html,W
Henry Walker,https://www.basketball-reference.com/players/w/walkebi01.html,W
Horace Walker,https://www.basketball-reference.com/players/w/walkeho01.html,W
Jabari Walker,https://www.basketball-reference.com/players/w/walkeja01.html,W
Jarace Walker,https://www.basketball-reference.com/players/w/walkeja02.html,W
Jimmy Walker,https://www.basketball-reference.com/players/w/walkeji01.html,W
Kemba Walker,https://www.basketball-reference.com/players/w/walkeke02.html,W
Kenny Walker,https://www.basketball-reference.com/players/w/walkeke01.html,W
Lonnie Walker IV,https://www.basketball-reference.com/players/w/walkelo01.html,W
M.J. Walker,https://www.basketball-reference.com/players/w/walkemj01.html,W
Phil Walker,https://www.basketball-reference.com/players/w/walkeph01.html,W
Samaki Walker,https://www.basketball-reference.com/players/w/walkesa01.html,W
Wally Walker,https://www.basketball-reference.com/players/w/walkewa01.html,W
John Wall,https://www.basketball-reference.com/players/w/walljo01.html,W
Ben Wallace,https://www.basketball-reference.com/players/w/wallabe01.html,W
Cason Wallace,https://www.basketball-reference.com/players/w/wallaca01.html,W
Gerald Wallace,https://www.basketball-reference.com/players/w/wallage01.html,W
John Wallace,https://www.basketball-reference.com/players/w/wallajo01.html,W
Keaton Wallace,https://www.basketball-reference.com/players/w/wallake01.html,W
Rasheed Wallace,https://www.basketball-reference.com/players/w/wallara01.html,W
Red Wallace,https://www.basketball-reference.com/players/w/wallare01.html,W
Tyrone Wallace,https://www.basketball-reference.com/players/w/wallaty01.html,W
Dwight Waller,https://www.basketball-reference.com/players/w/walledw01.html,W
Jamie Waller,https://www.basketball-reference.com/players/w/walleja01.html,W
Jim Walsh,https://www.basketball-reference.com/players/w/walshji01.html,W
Jordan Walsh,https://www.basketball-reference.com/players/w/walshjo01.html,W
Matt Walsh,https://www.basketball-reference.com/players/w/walshma01.html,W
Ja'Kobe Walter,https://www.basketball-reference.com/players/w/walteja01.html,W
Rex Walters,https://www.basketball-reference.com/players/w/waltere01.html,W
Paul Walther,https://www.basketball-reference.com/players/w/walthpa01.html,W
Isaac Walthour,https://www.basketball-reference.com/players/w/walthis01.html,W
Bill Walton,https://www.basketball-reference.com/players/w/waltobi01.html,W
Derrick Walton,https://www.basketball-reference.com/players/w/waltode01.html,W
Lloyd Walton,https://www.basketball-reference.com/players/w/waltoll01.html,W
Luke Walton,https://www.basketball-reference.com/players/w/waltolu01.html,W
Brad Wanamaker,https://www.basketball-reference.com/players/w/wanambr01.html,W
Bobby Wanzer,https://www.basketball-reference.com/players/w/wanzebo01.html,W
Perry Warbington,https://www.basketball-reference.com/players/w/warbipe01.html,W
Charlie Ward,https://www.basketball-reference.com/players/w/wardch01.html,W
Gerry Ward,https://www.basketball-reference.com/players/w/wardge01.html,W
Henry Ward,https://www.basketball-reference.com/players/w/wardhe01.html,W
Casper Ware,https://www.basketball-reference.com/players/w/wareca01.html,W
Jim Ware,https://www.basketball-reference.com/players/w/wareji01.html,W
Kel'el Ware,https://www.basketball-reference.com/players/w/wareke01.html,W
Ben Warley,https://www.basketball-reference.com/players/w/warlebe01.html,W
Bob Warlick,https://www.basketball-reference.com/players/w/warlibo01.html,W
Cornell Warner,https://www.basketball-reference.com/players/w/warneco01.html,W
Jameel Warney,https://www.basketball-reference.com/players/w/warneja01.html,W
Bob Warren,https://www.basketball-reference.com/players/w/warrebo01.html,W
John Warren,https://www.basketball-reference.com/players/w/warrejo01.html,W
T.J. Warren,https://www.basketball-reference.com/players/w/warretj01.html,W
Willie Warren,https://www.basketball-reference.com/players/w/warrewi01.html,W
Bryan Warrick,https://www.basketball-reference.com/players/w/warribr01.html,W
Hakim Warrick,https://www.basketball-reference.com/players/w/warriha01.html,W
Chris Washburn,https://www.basketball-reference.com/players/w/washbch01.html,W
Julian Washburn,https://www.basketball-reference.com/players/w/washbju01.html,W
Bobby Washington,https://www.basketball-reference.com/players/w/washibo01.html,W
Darius Washington,https://www.basketball-reference.com/players/w/washida01.html,W
Don Washington,https://www.basketball-reference.com/players/w/washido01.html,W
Duane Washington,https://www.basketball-reference.com/players/w/washidu01.html,W
Duane Washington Jr.,https://www.basketball-reference.com/players/w/washidu02.html,W
Eric Washington,https://www.basketball-reference.com/players/w/washier01.html,W
Jim Washington,https://www.basketball-reference.com/players/w/washiji01.html,W
Kermit Washington,https://www.basketball-reference.com/players/w/washike01.html,W
P.J. Washington,https://www.basketball-reference.com/players/w/washipj01.html,W
Pearl Washington,https://www.basketball-reference.com/players/w/washipe01.html,W
Richard Washington,https://www.basketball-reference.com/players/w/washiri01.html,W
Stan Washington,https://www.basketball-reference.com/players/w/washist01.html,W
Trooper Washington,https://www.basketball-reference.com/players/w/washitr01.html,W
TyTy Washington Jr.,https://www.basketball-reference.com/players/w/washity02.html,W
Wilson Washington,https://www.basketball-reference.com/players/w/washiwi01.html,W
Yuta Watanabe,https://www.basketball-reference.com/players/w/watanyu01.html,W
Lindy Waters III,https://www.basketball-reference.com/players/w/waterli01.html,W
Tremont Waters,https://www.basketball-reference.com/players/w/watertr01.html,W
Trendon Watford,https://www.basketball-reference.com/players/w/watfotr01.html,W
Darryl Watkins,https://www.basketball-reference.com/players/w/watkida01.html,W
Jamir Watkins,https://www.basketball-reference.com/players/w/watkija01.html,W
Anton Watson,https://www.basketball-reference.com/players/w/watsoan02.html,W
Bobby Watson,https://www.basketball-reference.com/players/w/watsobo01.html,W
C.J. Watson,https://www.basketball-reference.com/players/w/watsocj01.html,W
Earl Watson,https://www.basketball-reference.com/players/w/watsoea01.html,W
Jamie Watson,https://www.basketball-reference.com/players/w/watsoja01.html,W
Paul Watson,https://www.basketball-reference.com/players/w/watsopa01.html,W
Peyton Watson,https://www.basketball-reference.com/players/w/watsope01.html,W
Ron Watts,https://www.basketball-reference.com/players/w/wattsro01.html,W
Sam Watts,https://www.basketball-reference.com/players/w/wattssa01.html,W
Slick Watts,https://www.basketball-reference.com/players/w/wattssl01.html,W
Maalik Wayns,https://www.basketball-reference.com/players/w/waynsma01.html,W
David Wear,https://www.basketball-reference.com/players/w/wearda01.html,W
Travis Wear,https://www.basketball-reference.com/players/w/weartr01.html,W
Clarence Weatherspoon,https://www.basketball-reference.com/players/w/weathcl01.html,W
Nick Weatherspoon,https://www.basketball-reference.com/players/w/weathni01.html,W
Quinndary Weatherspoon,https://www.basketball-reference.com/players/w/weathqu01.html,W
Kyle Weaver,https://www.basketball-reference.com/players/w/weaveky01.html,W
James Webb III,https://www.basketball-reference.com/players/w/webbja01.html,W
Jeff Webb,https://www.basketball-reference.com/players/w/webbje01.html,W
Marcus Webb,https://www.basketball-reference.com/players/w/webbma01.html,W
Spud Webb,https://www.basketball-reference.com/players/w/webbsp01.html,W
Chris Webber,https://www.basketball-reference.com/players/w/webbech01.html,W
Briante Weber,https://www.basketball-reference.com/players/w/weberbr01.html,W
Jake Weber,https://www.basketball-reference.com/players/w/weberja01.html,W
Elnardo Webster,https://www.basketball-reference.com/players/w/webstel01.html,W
Jeff Webster,https://www.basketball-reference.com/players/w/webstje01.html,W
Martell Webster,https://www.basketball-reference.com/players/w/webstma02.html,W
Marvin Webster,https://www.basketball-reference.com/players/w/webstma01.html,W
Scott Wedman,https://www.basketball-reference.com/players/w/wedmasc01.html,W
Sonny Weems,https://www.basketball-reference.com/players/w/weemsso01.html,W
Dick Wehr,https://www.basketball-reference.com/players/w/wehrdi01.html,W
Brant Weidner,https://www.basketball-reference.com/players/w/weidnbr01.html,W
Bob Weiss,https://www.basketball-reference.com/players/w/weissbo01.html,W
Rick Weitzman,https://www.basketball-reference.com/players/w/weitzri01.html,W
Bonzi Wells,https://www.basketball-reference.com/players/w/wellsbo01.html,W
Bubba Wells,https://www.basketball-reference.com/players/w/wellsbu01.html,W
Jaylen Wells,https://www.basketball-reference.com/players/w/wellsja01.html,W
Owen Wells,https://www.basketball-reference.com/players/w/wellsow01.html,W
Ralph Wells,https://www.basketball-reference.com/players/w/wellsra01.html,W
Chris Welp,https://www.basketball-reference.com/players/w/welpch01.html,W
Jiří Welsch,https://www.basketball-reference.com/players/w/welscji01.html,W
Thomas Welsh,https://www.basketball-reference.com/players/w/welshth01.html,W
Victor Wembanyama,https://www.basketball-reference.com/players/w/wembavi01.html,W
Bill Wennington,https://www.basketball-reference.com/players/w/wennibi01.html,W
Matt Wenstrom,https://www.basketball-reference.com/players/w/wenstma01.html,W
Robert Werdann,https://www.basketball-reference.com/players/w/werdaro01.html,W
Ray Wertis,https://www.basketball-reference.com/players/w/wertira01.html,W
Blake Wesley,https://www.basketball-reference.com/players/w/weslebl01.html,W
David Wesley,https://www.basketball-reference.com/players/w/wesleda01.html,W
Walt Wesley,https://www.basketball-reference.com/players/w/weslewa01.html,W
David West,https://www.basketball-reference.com/players/w/westda01.html,W
Delonte West,https://www.basketball-reference.com/players/w/westde01.html,W
Doug West,https://www.basketball-reference.com/players/w/westdo01.html,W
Jerry West,https://www.basketball-reference.com/players/w/westje01.html,W
Mario West,https://www.basketball-reference.com/players/w/westma02.html,W
Mark West,https://www.basketball-reference.com/players/w/westma01.html,W
Roland West,https://www.basketball-reference.com/players/w/westro01.html,W
Dexter Westbrook,https://www.basketball-reference.com/players/w/westbde01.html,W
Russell Westbrook,https://www.basketball-reference.com/players/w/westbru01.html,W
Paul Westphal,https://www.basketball-reference.com/players/w/westppa01.html,W
John Wetzel,https://www.basketball-reference.com/players/w/wetzejo01.html,W
Robert Whaley,https://www.basketball-reference.com/players/w/whalero01.html,W
Ennis Whatley,https://www.basketball-reference.com/players/w/whatlen01.html,W
DeJuan Wheat,https://www.basketball-reference.com/players/w/wheatde01.html,W
Clinton Wheeler,https://www.basketball-reference.com/players/w/wheelcl01.html,W
Phillip Wheeler,https://www.basketball-reference.com/players/w/wheelph02.html,W
Tyson Wheeler,https://www.basketball-reference.com/players/w/wheelty01.html,W
Skippy Whitaker,https://www.basketball-reference.com/players/w/whitask01.html,W
Andrew White,https://www.basketball-reference.com/players/w/whitean01.html,W
Coby White,https://www.basketball-reference.com/players/w/whiteco01.html,W
D.J. White,https://www.basketball-reference.com/players/w/whitedj01.html,W
Derrick White,https://www.basketball-reference.com/players/w/whitede01.html,W
Eric White,https://www.basketball-reference.com/players/w/whiteer01.html,W
Herb White,https://www.basketball-reference.com/players/w/whitehe01.html,W
Hubie White,https://www.basketball-reference.com/players/w/whitehu01.html,W
Jack White,https://www.basketball-reference.com/players/w/whiteja03.html,W
Jahidi White,https://www.basketball-reference.com/players/w/whiteja01.html,W
James White,https://www.basketball-reference.com/players/w/whiteja02.html,W
Jo Jo White,https://www.basketball-reference.com/players/w/whitejo01.html,W
Okaro White,https://www.basketball-reference.com/players/w/whiteok01.html,W
Randy White,https://www.basketball-reference.com/players/w/whitera01.html,W
Rodney White,https://www.basketball-reference.com/players/w/whitero02.html,W
Rory White,https://www.basketball-reference.com/players/w/whitero01.html,W
Royce White,https://www.basketball-reference.com/players/w/whitero03.html,W
Rudy White,https://www.basketball-reference.com/players/w/whiteru01.html,W
Tony White,https://www.basketball-reference.com/players/w/whiteto01.html,W
Willie White,https://www.basketball-reference.com/players/w/whitewi01.html,W
Dariq Whitehead,https://www.basketball-reference.com/players/w/whiteda01.html,W
Isaiah Whitehead,https://www.basketball-reference.com/players/w/whiteis01.html,W
Jerome Whitehead,https://www.basketball-reference.com/players/w/whiteje01.html,W
Donald Whiteside,https://www.basketball-reference.com/players/w/whitedo01.html,W
Hassan Whiteside,https://www.basketball-reference.com/players/w/whiteha01.html,W
Dwayne Whitfield,https://www.basketball-reference.com/players/w/whitfdw01.html,W
Cam Whitmore,https://www.basketball-reference.com/players/w/whitmca01.html,W
Chris Whitney,https://www.basketball-reference.com/players/w/whitnch01.html,W
Hank Whitney,https://www.basketball-reference.com/players/w/whitnha01.html,W
Hawkeye Whitney,https://www.basketball-reference.com/players/w/whitnha02.html,W
Greg Whittington,https://www.basketball-reference.com/players/w/whittgr01.html,W
Shayne Whittington,https://www.basketball-reference.com/players/w/whittsh01.html,W
Sidney Wicks,https://www.basketball-reference.com/players/w/wickssi01.html,W
Ron Widby,https://www.basketball-reference.com/players/w/widbyro01.html,W
Murray Wier,https://www.basketball-reference.com/players/w/wiermu01.html,W
Bob Wiesenhahn,https://www.basketball-reference.com/players/w/wiesebo01.html,W
Joe Wieskamp,https://www.basketball-reference.com/players/w/wieskjo01.html,W
Aaron Wiggins,https://www.basketball-reference.com/players/w/wiggiaa01.html,W
Andrew Wiggins,https://www.basketball-reference.com/players/w/wiggian01.html,W
Mitchell Wiggins,https://www.basketball-reference.com/players/w/wiggimi01.html,W
Lindell Wigginton,https://www.basketball-reference.com/players/w/wiggili01.html,W
Ken Wilburn,https://www.basketball-reference.com/players/w/wilbuke01.html,W
C.J. Wilcox,https://www.basketball-reference.com/players/w/wilcocj01.html,W
Chris Wilcox,https://www.basketball-reference.com/players/w/wilcoch01.html,W
D.C. Wilcutt,https://www.basketball-reference.com/players/w/wilcudc01.html,W
Gene Wiley,https://www.basketball-reference.com/players/w/wileyge01.html,W
Jacob Wiley,https://www.basketball-reference.com/players/w/wileyja01.html,W
Michael Wiley,https://www.basketball-reference.com/players/w/wileymi01.html,W
Morlon Wiley,https://www.basketball-reference.com/players/w/wileymo01.html,W
Win Wilfong,https://www.basketball-reference.com/players/w/wilfowi01.html,W
Lenny Wilkens,https://www.basketball-reference.com/players/w/wilkele01.html,W
Bob Wilkerson,https://www.basketball-reference.com/players/w/wilkebo01.html,W
Jamaal Wilkes,https://www.basketball-reference.com/players/w/wilkeja01.html,W
James Wilkes,https://www.basketball-reference.com/players/w/wilkeja02.html,W
Damien Wilkins,https://www.basketball-reference.com/players/w/wilkida02.html,W
Dominique Wilkins,https://www.basketball-reference.com/players/w/wilkido01.html,W
Eddie Lee Wilkins,https://www.basketball-reference.com/players/w/wilkied01.html,W
Gerald Wilkins,https://www.basketball-reference.com/players/w/wilkige01.html,W
Jeff Wilkins,https://www.basketball-reference.com/players/w/wilkije01.html,W
Dale Wilkinson,https://www.basketball-reference.com/players/w/wilkida01.html,W
Mike Wilks,https://www.basketball-reference.com/players/w/wilksmi01.html,W
Aaron Williams,https://www.basketball-reference.com/players/w/williaa01.html,W
Al Williams,https://www.basketball-reference.com/players/w/willial01.html,W
Alan Williams,https://www.basketball-reference.com/players/w/willial03.html,W
Alondes Williams,https://www.basketball-reference.com/players/w/willial06.html,W
Alvin Williams,https://www.basketball-reference.com/players/w/willial02.html,W
Amari Williams,https://www.basketball-reference.com/players/w/william01.html,W
Art Williams,https://www.basketball-reference.com/players/w/williar01.html,W
Bernie Williams,https://www.basketball-reference.com/players/w/willibe01.html,W
Bob Williams,https://www.basketball-reference.com/players/w/willibo01.html,W
Brandon Williams,https://www.basketball-reference.com/players/w/willibr01.html,W
Brandon Williams,https://www.basketball-reference.com/players/w/willibr03.html,W
Buck Williams,https://www.basketball-reference.com/players/w/willibu01.html,W
C.J. Williams,https://www.basketball-reference.com/players/w/willicj01.html,W
Charlie Williams,https://www.basketball-reference.com/players/w/willich01.html,W
Chuck Williams,https://www.basketball-reference.com/players/w/willich02.html,W
Chuckie Williams,https://www.basketball-reference.com/players/w/willich03.html,W
Cliff Williams,https://www.basketball-reference.com/players/w/willicl01.html,W
Cody Williams,https://www.basketball-reference.com/players/w/willico04.html,W
Corey Williams,https://www.basketball-reference.com/players/w/willico01.html,W
Deron Williams,https://www.basketball-reference.com/players/w/willide01.html,W
Derrick Williams,https://www.basketball-reference.com/players/w/willide02.html,W
Donovan Williams,https://www.basketball-reference.com/players/w/willido02.html,W
Duck Williams,https://www.basketball-reference.com/players/w/willidu01.html,W
Earl Williams,https://www.basketball-reference.com/players/w/williea01.html,W
Elliot Williams,https://www.basketball-reference.com/players/w/williel01.html,W
Eric Williams,https://www.basketball-reference.com/players/w/willier01.html,W
Fly Williams,https://www.basketball-reference.com/players/w/willifl01.html,W
Frank Williams,https://www.basketball-reference.com/players/w/willifr02.html,W
Freeman Williams,https://www.basketball-reference.com/players/w/willifr01.html,W
Gene Williams,https://www.basketball-reference.com/players/w/willige01.html,W
Grant Williams,https://www.basketball-reference.com/players/w/willigr01.html,W
Gus Williams,https://www.basketball-reference.com/players/w/willigu01.html,W
Guy Williams,https://www.basketball-reference.com/players/w/willigu02.html,W
Hank Williams,https://www.basketball-reference.com/players/w/williha01.html,W
Herb Williams,https://www.basketball-reference.com/players/w/willihe01.html,W
Hot Rod Williams,https://www.basketball-reference.com/players/w/williho01.html,W
Jalen Williams,https://www.basketball-reference.com/players/w/willija06.html,W
Jason Williams,https://www.basketball-reference.com/players/w/willija02.html,W
Jawad Williams,https://www.basketball-reference.com/players/w/willija04.html,W
Jay Williams,https://www.basketball-reference.com/players/w/willija03.html,W
Jaylin Williams,https://www.basketball-reference.com/players/w/willija07.html,W
Jayson Williams,https://www.basketball-reference.com/players/w/willija01.html,W
Jerome Williams,https://www.basketball-reference.com/players/w/willije01.html,W
John Williams,https://www.basketball-reference.com/players/w/willijo02.html,W
Johnathan Williams,https://www.basketball-reference.com/players/w/willijo04.html,W
Jordan Williams,https://www.basketball-reference.com/players/w/willijo03.html,W
Justin Williams,https://www.basketball-reference.com/players/w/williju01.html,W
Kenny Williams,https://www.basketball-reference.com/players/w/willike03.html,W
Kenrich Williams,https://www.basketball-reference.com/players/w/willike04.html,W
Kevin Williams,https://www.basketball-reference.com/players/w/willike01.html,W
Lorenzo Williams,https://www.basketball-reference.com/players/w/willilo01.html,W
Lou Williams,https://www.basketball-reference.com/players/w/willilo02.html,W
Malik Williams,https://www.basketball-reference.com/players/w/willima11.html,W
Marcus Williams,https://www.basketball-reference.com/players/w/willima03.html,W
Marcus Williams,https://www.basketball-reference.com/players/w/willima04.html,W
Mark Williams,https://www.basketball-reference.com/players/w/willima07.html,W
Marvin Williams,https://www.basketball-reference.com/players/w/willima02.html,W
Matt Williams,https://www.basketball-reference.com/players/w/willima05.html,W
Micheal Williams,https://www.basketball-reference.com/players/w/willimi02.html,W
Mike Williams,https://www.basketball-reference.com/players/w/willimi03.html,W
Milt Williams,https://www.basketball-reference.com/players/w/willimi01.html,W
Mo Williams,https://www.basketball-reference.com/players/w/willima01.html,W
Monty Williams,https://www.basketball-reference.com/players/w/willimo01.html,W
Nate Williams,https://www.basketball-reference.com/players/w/willina01.html,W
Nate Williams,https://www.basketball-reference.com/players/w/willije02.html,W
Patrick Williams,https://www.basketball-reference.com/players/w/willipa01.html,W
Pete Williams,https://www.basketball-reference.com/players/w/willipe01.html,W
Ray Williams,https://www.basketball-reference.com/players/w/willira01.html,W
Reggie Williams,https://www.basketball-reference.com/players/w/willire01.html,W
Reggie Williams,https://www.basketball-reference.com/players/w/willire02.html,W
Rickey Williams,https://www.basketball-reference.com/players/w/williri01.html,W
Rob Williams,https://www.basketball-reference.com/players/w/williro02.html,W
Robert Williams,https://www.basketball-reference.com/players/w/williro04.html,W
Ron Williams,https://www.basketball-reference.com/players/w/williro01.html,W
Sam Williams,https://www.basketball-reference.com/players/w/willisa01.html,W
Sam Williams,https://www.basketball-reference.com/players/w/willisa02.html,W
Scott Williams,https://www.basketball-reference.com/players/w/willisc01.html,W
Sean Williams,https://www.basketball-reference.com/players/w/willise01.html,W
Shammond Williams,https://www.basketball-reference.com/players/w/willish01.html,W
Shawne Williams,https://www.basketball-reference.com/players/w/willish03.html,W
Shelden Williams,https://www.basketball-reference.com/players/w/willish02.html,W
Sly Williams,https://www.basketball-reference.com/players/w/willisl01.html,W
Terrence Williams,https://www.basketball-reference.com/players/w/willite01.html,W
Travis Williams,https://www.basketball-reference.com/players/w/willitr01.html,W
Troy Williams,https://www.basketball-reference.com/players/w/willitr02.html,W
Vince Williams Jr.,https://www.basketball-reference.com/players/w/willivi01.html,W
Walt Williams,https://www.basketball-reference.com/players/w/williwa02.html,W
Ward Williams,https://www.basketball-reference.com/players/w/williwa01.html,W
Willie Williams,https://www.basketball-reference.com/players/w/williwi01.html,W
Ziaire Williams,https://www.basketball-reference.com/players/w/willizi02.html,W
Nigel Williams-Goss,https://www.basketball-reference.com/players/w/willini01.html,W
Corliss Williamson,https://www.basketball-reference.com/players/w/willico02.html,W
John Williamson,https://www.basketball-reference.com/players/w/willijo01.html,W
Lucas Williamson,https://www.basketball-reference.com/players/w/willilu01.html,W
Zion Williamson,https://www.basketball-reference.com/players/w/willizi01.html,W
Vann Williford,https://www.basketball-reference.com/players/w/williva01.html,W
Kevin Willis,https://www.basketball-reference.com/players/w/willike02.html,W
Bill Willoughby,https://www.basketball-reference.com/players/w/willobi01.html,W
Dedric Willoughby,https://www.basketball-reference.com/players/w/willode01.html,W
Bob Wilson,https://www.basketball-reference.com/players/w/wilsobo01.html,W
Bobby Wilson,https://www.basketball-reference.com/players/w/wilsobo02.html,W
Bobby Wilson,https://www.basketball-reference.com/players/w/wilsobo03.html,W
Bubba Wilson,https://www.basketball-reference.com/players/w/wilsobu01.html,W
D.J. Wilson,https://www.basketball-reference.com/players/w/wilsodj01.html,W
George Wilson,https://www.basketball-reference.com/players/w/wilsoge01.html,W
Isaiah Wilson,https://www.basketball-reference.com/players/w/wilsois01.html,W
Jalen Wilson,https://www.basketball-reference.com/players/w/wilsoja03.html,W
Jamil Wilson,https://www.basketball-reference.com/players/w/wilsoja02.html,W
Jasper Wilson,https://www.basketball-reference.com/players/w/wilsoja01.html,W
Jimmy Wilson,https://www.basketball-reference.com/players/w/wilsoji01.html,W
Michael Wilson,https://www.basketball-reference.com/players/w/wilsomi01.html,W
Nikita Wilson,https://www.basketball-reference.com/players/w/wilsoni01.html,W
Othell Wilson,https://www.basketball-reference.com/players/w/wilsoot01.html,W
Rick Wilson,https://www.basketball-reference.com/players/w/wilsori01.html,W
Ricky Wilson,https://www.basketball-reference.com/players/w/wilsori02.html,W
Steve Wilson,https://www.basketball-reference.com/players/w/wilsost01.html,W
Trevor Wilson,https://www.basketball-reference.com/players/w/wilsotr01.html,W
Kyle Wiltjer,https://www.basketball-reference.com/players/w/wiltjky01.html,W
Kennard Winchester,https://www.basketball-reference.com/players/w/winchke01.html,W
Tony Windis,https://www.basketball-reference.com/players/w/windito01.html,W
Dylan Windler,https://www.basketball-reference.com/players/w/windldy01.html,W
John Windsor,https://www.basketball-reference.com/players/w/windsjo01.html,W
Lee Winfield,https://www.basketball-reference.com/players/w/winfile01.html,W
David Wingate,https://www.basketball-reference.com/players/w/wingada01.html,W
Dontonio Wingfield,https://www.basketball-reference.com/players/w/wingfdo01.html,W
Harthorne Wingo,https://www.basketball-reference.com/players/w/wingoha01.html,W
Marv Winkler,https://www.basketball-reference.com/players/w/winklma01.html,W
Justise Winslow,https://www.basketball-reference.com/players/w/winslju01.html,W
Rickie Winslow,https://www.basketball-reference.com/players/w/winslri01.html,W
Cassius Winston,https://www.basketball-reference.com/players/w/winstca01.html,W
Trevor Winter,https://www.basketball-reference.com/players/w/wintetr01.html,W
Brian Winters,https://www.basketball-reference.com/players/w/wintebr01.html,W
Voise Winters,https://www.basketball-reference.com/players/w/wintevo01.html,W
Skip Wise,https://www.basketball-reference.com/players/w/wisesk01.html,W
Willie Wise,https://www.basketball-reference.com/players/w/wisewi01.html,W
James Wiseman,https://www.basketball-reference.com/players/w/wisemja01.html,W
Jeff Withey,https://www.basketball-reference.com/players/w/witheje01.html,W
Luke Witte,https://www.basketball-reference.com/players/w/wittelu01.html,W
Greg Wittman,https://www.basketball-reference.com/players/w/wittmgr01.html,W
Randy Wittman,https://www.basketball-reference.com/players/w/wittmra01.html,W
Garry Witts,https://www.basketball-reference.com/players/w/wittsga01.html,W
Dave Wohl,https://www.basketball-reference.com/players/w/wohlda01.html,W
Danny Wolf,https://www.basketball-reference.com/players/w/wolfda01.html,W
Joe Wolf,https://www.basketball-reference.com/players/w/wolfjo01.html,W
Rubén Wolkowyski,https://www.basketball-reference.com/players/w/wolkoru01.html,W
Nate Wolters,https://www.basketball-reference.com/players/w/woltena01.html,W
Isaiah Wong,https://www.basketball-reference.com/players/w/wongis01.html,W
Al Wood,https://www.basketball-reference.com/players/w/woodal01.html,W
Bob Wood,https://www.basketball-reference.com/players/w/woodbo01.html,W
Christian Wood,https://www.basketball-reference.com/players/w/woodch01.html,W
David Wood,https://www.basketball-reference.com/players/w/woodda01.html,W
Howard Wood,https://www.basketball-reference.com/players/w/woodho01.html,W
Leon Wood,https://www.basketball-reference.com/players/w/woodle01.html,W
Robert Woodard II,https://www.basketball-reference.com/players/w/woodaro01.html,W
Loren Woods,https://www.basketball-reference.com/players/w/woodslo01.html,W
Qyntel Woods,https://www.basketball-reference.com/players/w/woodsqy01.html,W
Randy Woods,https://www.basketball-reference.com/players/w/woodsra01.html,W
Tommy Woods,https://www.basketball-reference.com/players/w/woodsto01.html,W
Mike Woodson,https://www.basketball-reference.com/players/w/woodsmi01.html,W
Bob Woollard,https://www.basketball-reference.com/players/w/woollbo01.html,W
Orlando Woolridge,https://www.basketball-reference.com/players/w/woolror01.html,W
Haywoode Workman,https://www.basketball-reference.com/players/w/workmha01.html,W
Mark Workman,https://www.basketball-reference.com/players/w/workmma01.html,W
Tom Workman,https://www.basketball-reference.com/players/w/workmto01.html,W
Metta World Peace,https://www.basketball-reference.com/players/a/artesro01.html,W
Willie Worsley,https://www.basketball-reference.com/players/w/worslwi01.html,W
Sam Worthen,https://www.basketball-reference.com/players/w/worthsa01.html,W
James Worthy,https://www.basketball-reference.com/players/w/worthja01.html,W
Antoine Wright,https://www.basketball-reference.com/players/w/wrighan01.html,W
Bracey Wright,https://www.basketball-reference.com/players/w/wrighbr02.html,W
Brad Wright,https://www.basketball-reference.com/players/w/wrighbr01.html,W
Brandan Wright,https://www.basketball-reference.com/players/w/wrighbr03.html,W
Chris Wright,https://www.basketball-reference.com/players/w/wrighch01.html,W
Chris Wright,https://www.basketball-reference.com/players/w/wrighch02.html,W
Delon Wright,https://www.basketball-reference.com/players/w/wrighde01.html,W
Dorell Wright,https://www.basketball-reference.com/players/w/wrighdo01.html,W
Howard Wright,https://www.basketball-reference.com/players/w/wrighho02.html,W
Howie Wright,https://www.basketball-reference.com/players/w/wrighho01.html,W
Joby Wright,https://www.basketball-reference.com/players/w/wrighjo01.html,W
Julian Wright,https://www.basketball-reference.com/players/w/wrighju01.html,W
Larry Wright,https://www.basketball-reference.com/players/w/wrighla01.html,W
Leroy Wright,https://www.basketball-reference.com/players/w/wrighle01.html,W
Lonnie Wright,https://www.basketball-reference.com/players/w/wrighlo01.html,W
Lorenzen Wright,https://www.basketball-reference.com/players/w/wrighlo02.html,W
Luther Wright,https://www.basketball-reference.com/players/w/wrighlu01.html,W
McKinley Wright IV,https://www.basketball-reference.com/players/w/wrighmc01.html,W
Moses Wright,https://www.basketball-reference.com/players/w/wrighmo01.html,W
Sharone Wright,https://www.basketball-reference.com/players/w/wrighsh01.html,W
Justin Wright-Foreman,https://www.basketball-reference.com/players/w/wrighju02.html,W
Tony Wroten,https://www.basketball-reference.com/players/w/wroteto01.html,W
Dennis Wuycik,https://www.basketball-reference.com/players/w/wuycide01.html,W
A.J. Wynder,https://www.basketball-reference.com/players/w/wyndeaj01.html,W
