player_name,player_url
Alaa Abdelnaby,https://www.basketball-reference.com/players/a/abdelal01.html
Zaid Abdul-Aziz,https://www.basketball-reference.com/players/a/abdulza01.html
Kareem Abdul-Jabbar,https://www.basketball-reference.com/players/a/abdulka01.html
Mahmoud Abdul-Rauf,https://www.basketball-reference.com/players/a/abdulma02.html
Tariq Abdul-Wahad,https://www.basketball-reference.com/players/a/abdulta01.html
Shareef Abdur-Rahim,https://www.basketball-reference.com/players/a/abdursh01.html
Tom Abernethy,https://www.basketball-reference.com/players/a/abernto01.html
Forest Able,https://www.basketball-reference.com/players/a/ablefo01.html
John Abramovic,https://www.basketball-reference.com/players/a/abramjo01.html
Álex Abrines,https://www.basketball-reference.com/players/a/abrinal01.html
Precious Achiuwa,https://www.basketball-reference.com/players/a/achiupr01.html
Alex Acker,https://www.basketball-reference.com/players/a/ackeral01.html
Don Ackerman,https://www.basketball-reference.com/players/a/ackerdo01.html
Mark Acres,https://www.basketball-reference.com/players/a/acresma01.html
Bud Acton,https://www.basketball-reference.com/players/a/actonbu01.html
Quincy Acy,https://www.basketball-reference.com/players/a/acyqu01.html
Alvan Adams,https://www.basketball-reference.com/players/a/adamsal01.html
Don Adams,https://www.basketball-reference.com/players/a/adamsdo01.html
George Adams,https://www.basketball-reference.com/players/a/adamsge01.html
Hassan Adams,https://www.basketball-reference.com/players/a/adamsha01.html
Jaylen Adams,https://www.basketball-reference.com/players/a/adamsja01.html
Jordan Adams,https://www.basketball-reference.com/players/a/adamsjo01.html
Michael Adams,https://www.basketball-reference.com/players/a/adamsmi01.html
Steven Adams,https://www.basketball-reference.com/players/a/adamsst01.html
Rafael Addison,https://www.basketball-reference.com/players/a/addisra01.html
Bam Adebayo,https://www.basketball-reference.com/players/a/adebaba01.html
Deng Adel,https://www.basketball-reference.com/players/a/adelde01.html
Rick Adelman,https://www.basketball-reference.com/players/a/adelmri01.html
Jeff Adrien,https://www.basketball-reference.com/players/a/adrieje01.html
Arron Afflalo,https://www.basketball-reference.com/players/a/afflaar01.html
Ochai Agbaji,https://www.basketball-reference.com/players/a/agbajoc01.html
Maurice Ager,https://www.basketball-reference.com/players/a/agerma01.html
Mark Aguirre,https://www.basketball-reference.com/players/a/aguirma01.html
Blake Ahearn,https://www.basketball-reference.com/players/a/ahearbl01.html
Danny Ainge,https://www.basketball-reference.com/players/a/aingeda01.html
Matt Aitch,https://www.basketball-reference.com/players/a/aitchma01.html
Alexis Ajinça,https://www.basketball-reference.com/players/a/ajincal01.html
Henry Akin,https://www.basketball-reference.com/players/a/akinhe01.html
Josh Akognon,https://www.basketball-reference.com/players/a/akognjo01.html
DeVaughn Akoon-Purcell,https://www.basketball-reference.com/players/a/akoonde01.html
Solomon Alabi,https://www.basketball-reference.com/players/a/alabiso01.html
Mark Alarie,https://www.basketball-reference.com/players/a/alarima01.html
Gary Alcorn,https://www.basketball-reference.com/players/a/alcorga01.html
Santi Aldama,https://www.basketball-reference.com/players/a/aldamsa01.html
Furkan Aldemir,https://www.basketball-reference.com/players/a/aldemfu01.html
Cole Aldrich,https://www.basketball-reference.com/players/a/aldrico01.html
LaMarcus Aldridge,https://www.basketball-reference.com/players/a/aldrila01.html
Chuck Aleksinas,https://www.basketball-reference.com/players/a/aleksch01.html
Cliff Alexander,https://www.basketball-reference.com/players/a/alexacl01.html
Cory Alexander,https://www.basketball-reference.com/players/a/alexaco01.html
Courtney Alexander,https://www.basketball-reference.com/players/a/alexaco02.html
Gary Alexander,https://www.basketball-reference.com/players/a/alexaga01.html
Joe Alexander,https://www.basketball-reference.com/players/a/alexajo01.html
Kyle Alexander,https://www.basketball-reference.com/players/a/alexaky01.html
Trey Alexander,https://www.basketball-reference.com/players/a/alexatr01.html
Ty-Shon Alexander,https://www.basketball-reference.com/players/a/alexaty01.html
Victor Alexander,https://www.basketball-reference.com/players/a/alexavi01.html
Nickeil Alexander-Walker,https://www.basketball-reference.com/players/a/alexani01.html
Steve Alford,https://www.basketball-reference.com/players/a/alforst01.html
Rawle Alkins,https://www.basketball-reference.com/players/a/alkinra01.html
Bill Allen,https://www.basketball-reference.com/players/a/allenbi01.html
Bob Allen,https://www.basketball-reference.com/players/a/allenbo01.html
Grayson Allen,https://www.basketball-reference.com/players/a/allengr01.html
Jarrett Allen,https://www.basketball-reference.com/players/a/allenja01.html
Jerome Allen,https://www.basketball-reference.com/players/a/allenje01.html
Kadeem Allen,https://www.basketball-reference.com/players/a/allenka01.html
Lavoy Allen,https://www.basketball-reference.com/players/a/allenla01.html
Lucius Allen,https://www.basketball-reference.com/players/a/allenlu01.html
Malik Allen,https://www.basketball-reference.com/players/a/allenma01.html
Randy Allen,https://www.basketball-reference.com/players/a/allenra01.html
Ray Allen,https://www.basketball-reference.com/players/a/allenra02.html
Timmy Allen,https://www.basketball-reference.com/players/a/allenti01.html
Tony Allen,https://www.basketball-reference.com/players/a/allento01.html
Willie Allen,https://www.basketball-reference.com/players/a/allenwi01.html
Odis Allison,https://www.basketball-reference.com/players/a/allisod01.html
Lance Allred,https://www.basketball-reference.com/players/a/allrela01.html
Darrell Allums,https://www.basketball-reference.com/players/a/allumda01.html
Morris Almond,https://www.basketball-reference.com/players/a/almonmo01.html
Derrick Alston,https://www.basketball-reference.com/players/a/alstode01.html
Rafer Alston,https://www.basketball-reference.com/players/a/alstora01.html
Peter Aluma,https://www.basketball-reference.com/players/a/alumape01.html
Jose Alvarado,https://www.basketball-reference.com/players/a/alvarjo01.html
John Amaechi,https://www.basketball-reference.com/players/a/amaecjo01.html
Ashraf Amaya,https://www.basketball-reference.com/players/a/amayaas01.html
Al-Farouq Aminu,https://www.basketball-reference.com/players/a/aminual01.html
Lou Amundson,https://www.basketball-reference.com/players/a/amundlo01.html
Bob Anderegg,https://www.basketball-reference.com/players/a/anderbo01.html
Chris Andersen,https://www.basketball-reference.com/players/a/anderch01.html
David Andersen,https://www.basketball-reference.com/players/a/anderda03.html
Alan Anderson,https://www.basketball-reference.com/players/a/anderal01.html
Andy Anderson,https://www.basketball-reference.com/players/a/anderan01.html
Antonio Anderson,https://www.basketball-reference.com/players/a/anderan02.html
Cliff Anderson,https://www.basketball-reference.com/players/a/andercl01.html
Dan Anderson,https://www.basketball-reference.com/players/a/anderda01.html
Dan Anderson,https://www.basketball-reference.com/players/a/anderda02.html
Derek Anderson,https://www.basketball-reference.com/players/a/anderde01.html
Dwight Anderson,https://www.basketball-reference.com/players/a/anderdw01.html
Eric Anderson,https://www.basketball-reference.com/players/a/anderer01.html
Greg Anderson,https://www.basketball-reference.com/players/a/andergr01.html
J.J. Anderson,https://www.basketball-reference.com/players/a/anderjj01.html
James Anderson,https://www.basketball-reference.com/players/a/anderja01.html
Jerome Anderson,https://www.basketball-reference.com/players/a/anderje01.html
Justin Anderson,https://www.basketball-reference.com/players/a/anderju01.html
Kenny Anderson,https://www.basketball-reference.com/players/a/anderke01.html
Kim Anderson,https://www.basketball-reference.com/players/a/anderki01.html
Kyle Anderson,https://www.basketball-reference.com/players/a/anderky01.html
Michael Anderson,https://www.basketball-reference.com/players/a/andermi01.html
Nick Anderson,https://www.basketball-reference.com/players/a/anderni01.html
Richard Anderson,https://www.basketball-reference.com/players/a/anderri01.html
Ron Anderson,https://www.basketball-reference.com/players/a/anderro01.html
Ryan Anderson,https://www.basketball-reference.com/players/a/anderry01.html
Shandon Anderson,https://www.basketball-reference.com/players/a/andersh01.html
Willie Anderson,https://www.basketball-reference.com/players/a/anderwi01.html
Wally Anderzunas,https://www.basketball-reference.com/players/a/anderwa01.html
Martynas Andriuškevičius,https://www.basketball-reference.com/players/a/andrima01.html
Don Anielak,https://www.basketball-reference.com/players/a/anieldo01.html
Ike Anigbogu,https://www.basketball-reference.com/players/a/anigbik01.html
Michael Ansley,https://www.basketball-reference.com/players/a/anslemi01.html
Chris Anstey,https://www.basketball-reference.com/players/a/anstech01.html
Giannis Antetokounmpo,https://www.basketball-reference.com/players/a/antetgi01.html
Kostas Antetokounmpo,https://www.basketball-reference.com/players/a/antetko01.html
Thanasis Antetokounmpo,https://www.basketball-reference.com/players/a/antetth01.html
Carmelo Anthony,https://www.basketball-reference.com/players/a/anthoca01.html
Cole Anthony,https://www.basketball-reference.com/players/a/anthoco01.html
Greg Anthony,https://www.basketball-reference.com/players/a/anthogr01.html
Joel Anthony,https://www.basketball-reference.com/players/a/anthojo01.html
Pero Antić,https://www.basketball-reference.com/players/a/anticpe01.html
OG Anunoby,https://www.basketball-reference.com/players/a/anunoog01.html
Keith Appling,https://www.basketball-reference.com/players/a/applike01.html
Rafael Araújo,https://www.basketball-reference.com/players/a/araujra01.html
Stacey Arceneaux,https://www.basketball-reference.com/players/a/arcenst01.html
Robert Archibald,https://www.basketball-reference.com/players/a/archiro01.html
Tiny Archibald,https://www.basketball-reference.com/players/a/architi01.html
Ryan Arcidiacono,https://www.basketball-reference.com/players/a/arcidry01.html
Jim Ard,https://www.basketball-reference.com/players/a/ardji01.html
Gilbert Arenas,https://www.basketball-reference.com/players/a/arenagi01.html
Trevor Ariza,https://www.basketball-reference.com/players/a/arizatr01.html
Paul Arizin,https://www.basketball-reference.com/players/a/arizipa01.html
Joe Arlauckas,https://www.basketball-reference.com/players/a/arlaujo01.html
B.J. Armstrong,https://www.basketball-reference.com/players/a/armstbj01.html
Bob Armstrong,https://www.basketball-reference.com/players/a/armstbo01.html
Brandon Armstrong,https://www.basketball-reference.com/players/a/armstbr01.html
Curly Armstrong,https://www.basketball-reference.com/players/a/armstcu01.html
Darrell Armstrong,https://www.basketball-reference.com/players/a/armstda01.html
Hilton Armstrong,https://www.basketball-reference.com/players/a/armsthi01.html
Tate Armstrong,https://www.basketball-reference.com/players/a/armstta01.html
Jesse Arnelle,https://www.basketball-reference.com/players/a/arnelje01.html
Jay Arnette,https://www.basketball-reference.com/players/a/arnetja01.html
Bob Arnzen,https://www.basketball-reference.com/players/a/arnzebo01.html
Carlos Arroyo,https://www.basketball-reference.com/players/a/arroyca01.html
Darrell Arthur,https://www.basketball-reference.com/players/a/arthuda01.html
John Arthurs,https://www.basketball-reference.com/players/a/arthujo01.html
Jamel Artis,https://www.basketball-reference.com/players/a/artisja01.html
Ömer Aşık,https://www.basketball-reference.com/players/a/asikom01.html
Vincent Askew,https://www.basketball-reference.com/players/a/askewvi01.html
Keith Askins,https://www.basketball-reference.com/players/a/askinke01.html
Don Asmonga,https://www.basketball-reference.com/players/a/asmondo01.html
Dick Atha,https://www.basketball-reference.com/players/a/athadi01.html
Chucky Atkins,https://www.basketball-reference.com/players/a/atkinch01.html
Al Attles,https://www.basketball-reference.com/players/a/attleal01.html
Chet Aubuchon,https://www.basketball-reference.com/players/a/aubucch01.html
Stacey Augmon,https://www.basketball-reference.com/players/a/augmost01.html
D.J. Augustin,https://www.basketball-reference.com/players/a/augusdj01.html
James Augustine,https://www.basketball-reference.com/players/a/augusja01.html
Isaac Austin,https://www.basketball-reference.com/players/a/austiis01.html
Johnny Austin,https://www.basketball-reference.com/players/a/austijo01.html
Ken Austin,https://www.basketball-reference.com/players/a/austike01.html
Deni Avdija,https://www.basketball-reference.com/players/a/avdijde01.html
Anthony Avent,https://www.basketball-reference.com/players/a/aventan01.html
Bird Averitt,https://www.basketball-reference.com/players/a/averibi01.html
William Avery,https://www.basketball-reference.com/players/a/averywi01.html
Dennis Awtrey,https://www.basketball-reference.com/players/a/awtrede01.html
Joel Ayayi,https://www.basketball-reference.com/players/a/ayayijo01.html
Gustavo Ayón,https://www.basketball-reference.com/players/a/ayongu01.html
Jeff Ayres,https://www.basketball-reference.com/players/p/pendeje02.html
Deandre Ayton,https://www.basketball-reference.com/players/a/aytonde01.html
Kelenna Azubuike,https://www.basketball-reference.com/players/a/azubuke01.html
Udoka Azubuike,https://www.basketball-reference.com/players/a/azubuud01.html
