age,count,mean,std,se,lower_ci,upper_ci,metric,era
19,110,-2.2490909090909095,2.3971598429726444,0.2285602230716255,-2.6970689463112953,-1.8011128718705236,bpm,Full Advanced
20,271,-1.6169741697416973,2.4669834022015094,0.1498585693237802,-1.9106969656163064,-1.3232513738670881,bpm,Full Advanced
21,459,-1.0596949891067537,2.4591085282936986,0.11478135655443653,-1.2846664479534493,-0.8347235302600582,bpm,Full Advanced
22,691,-0.7479015918958031,2.600931955968316,0.0989441146739971,-0.9418320566568373,-0.5539711271347688,bpm,Full Advanced
23,842,-0.563064133016627,2.6395693119973322,0.09096556572826743,-0.7413566418440312,-0.3847716241892229,bpm,Full Advanced
24,949,-0.4362486828240253,2.632952700147494,0.08546926142348522,-0.6037684352140563,-0.26872893043399426,bpm,Full Advanced
25,939,-0.2567625133120341,2.650148758354472,0.08648433618976928,-0.42627181224398186,-0.08725321438008632,bpm,Full Advanced
26,908,-0.16927312775330403,2.7306405305380066,0.0906194887858895,-0.34688732577364745,0.008341070267039397,bpm,Full Advanced
27,875,-0.19554285714285716,2.7273998768541694,0.09220294441077334,-0.3762606281879729,-0.014825086097741413,bpm,Full Advanced
28,805,-0.10285714285714286,2.823458816288613,0.09951384739173469,-0.2979042837449428,0.09218999803065712,bpm,Full Advanced
29,716,-0.15768156424581006,2.845299829690093,0.1063338471055741,-0.36609590457273533,0.05073277608111518,bpm,Full Advanced
30,664,-0.2620481927710843,2.7483228436956297,0.10665561099725433,-0.47109319032570285,-0.05300319521646582,bpm,Full Advanced
31,573,-0.45410122164048866,2.6273716765618076,0.10976002641014318,-0.6692308734043693,-0.23897156987660803,bpm,Full Advanced
32,471,-0.35774946921443734,2.805909119726548,0.12928946758813814,-0.6111568256871881,-0.10434211274168659,bpm,Full Advanced
33,365,-0.3361643835616439,2.8103530291989984,0.1471006006406629,-0.6244815608173432,-0.047847206305944634,bpm,Full Advanced
34,288,-0.5930555555555556,2.8403919044946693,0.16737169807462943,-0.9211040837818292,-0.2650070273292819,bpm,Full Advanced
35,211,-0.36729857819905215,2.7009560566492654,0.18594148317586764,-0.7317438852237528,-0.0028532711743515793,bpm,Full Advanced
36,140,-0.5007142857142857,2.6079705284938117,0.2204137388363123,-0.9327252138334577,-0.06870335759511359,bpm,Full Advanced
37,86,-0.5941860465116278,2.6163447628171363,0.2821277114308641,-1.1471563609161213,-0.04121573210713414,bpm,Full Advanced
38,58,-0.4810344827586207,2.8856849894677,0.3789090023238497,-1.2236961273133662,0.2616271617961248,bpm,Full Advanced
39,29,-0.10344827586206896,2.9809493644308174,0.5535484003166484,-1.1884031404826998,0.9815065887585619,bpm,Full Advanced
19,110,1.7181818181818185,1.950919887387957,0.18601291272396409,1.3535965092428488,2.082767127120788,ws,Full Advanced
20,271,2.476752767527675,2.514862151023336,0.15276699618755585,2.1773294550000655,2.7761760800552846,ws,Full Advanced
21,459,2.9516339869281043,2.671933321324129,0.12471516719003303,2.7071922592356397,3.196075714620569,ws,Full Advanced
22,691,3.146020260492041,2.779296270984394,0.10572941299685516,2.938790611018205,3.353249909965877,ws,Full Advanced
23,842,3.380166270783848,2.881859036491789,0.09931542104693943,3.1855080455318463,3.5748244960358493,ws,Full Advanced
24,949,3.520758693361433,2.997963629143537,0.09731801757890131,3.3300153789067863,3.7115020078160796,ws,Full Advanced
25,939,3.7779552715654954,3.008108033016059,0.09816589563222902,3.5855501161263263,3.9703604270046644,ws,Full Advanced
26,908,3.8745594713656386,3.015136808023963,0.10006082935743167,3.6784402458250725,4.070678696906205,ws,Full Advanced
27,875,3.9015999999999997,3.129105588646223,0.10578307606956538,3.694265170903652,4.108934829096348,ws,Full Advanced
28,805,3.9848447204968944,3.1174870097097487,0.1098769795189601,3.7694858406397325,4.200203600354056,ws,Full Advanced
29,716,3.886033519553072,3.116462118033942,0.1164676576125297,3.657756910632514,4.1143101284736305,ws,Full Advanced
30,664,3.796385542168675,3.042031185488732,0.11805370519160692,3.5650002799931255,4.027770804344224,ws,Full Advanced
31,573,3.4781849912739964,2.8783910716792107,0.12024651208071982,3.2425018275957855,3.7138681549522072,ws,Full Advanced
32,471,3.5938428874734605,3.038711983710201,0.14001645732769663,3.3194106311111753,3.8682751438357457,ws,Full Advanced
33,365,3.484109589041096,3.0569538075286387,0.16000827531137293,3.170493369430805,3.797725808651387,ws,Full Advanced
34,288,3.310763888888889,2.928626363350751,0.17257096342391787,2.97252480057801,3.6490029771997676,ws,Full Advanced
35,211,3.2649289099526064,2.639967959702442,0.1817428894318308,2.908712846666218,3.621144973238995,ws,Full Advanced
36,140,2.9935714285714288,2.39619634782029,0.20251555385252507,2.5966409430204798,3.390501914122378,ws,Full Advanced
37,86,2.7639534883720933,2.3416390835932037,0.2525054362254133,2.2690428333702832,3.2588641433739034,ws,Full Advanced
38,58,2.5482758620689654,2.49618947347298,0.32776573550372606,1.9058550204816624,3.1906967036562683,ws,Full Advanced
39,29,3.5000000000000004,3.044315545875155,0.5653152048089432,2.391982198574472,4.608017801425529,ws,Full Advanced
19,110,12.80181818181818,3.917192915036397,0.37348968993450926,12.069778389546542,13.53385797408982,per,Full Advanced
20,271,13.48191881918819,4.098383331769493,0.24895905748345046,12.993959066520627,13.969878571855752,per,Full Advanced
21,459,14.230501089324619,3.9077163013188017,0.18239657702561052,13.873003798354423,14.587998380294815,per,Full Advanced
22,691,14.472648335745298,4.037590229358472,0.15359717109997376,14.17159788038935,14.773698791101246,per,Full Advanced
23,842,14.501306413301661,4.027312898577708,0.1387903680038844,14.229277292014048,14.773335534589274,per,Full Advanced
24,949,14.578609062170704,4.080872301157758,0.1324707206187082,14.318966449758037,14.838251674583372,per,Full Advanced
25,939,14.788178913738019,4.141757656866419,0.13516115292916536,14.523263053996855,15.053094773479183,per,Full Advanced
26,908,14.864537444933921,4.273512443657275,0.14182149156339474,14.586567321469667,15.142507568398175,per,Full Advanced
27,875,14.693714285714286,4.176357591600515,0.14118665551235662,14.416988440910067,14.970440130518504,per,Full Advanced
28,805,14.662732919254658,4.396394665427689,0.15495255156025134,14.359025918196565,14.966439920312752,per,Full Advanced
29,716,14.470391061452514,4.3661239295896515,0.1631697122139644,14.150578425513144,14.790203697391883,per,Full Advanced
30,664,14.127409638554218,4.2577019457792575,0.16523088017587234,13.803557113409507,14.451262163698928,per,Full Advanced
31,573,13.75410122164049,4.078161792415902,0.17036765297940756,13.420180621800851,14.088021821480128,per,Full Advanced
32,471,13.96284501061571,4.383566940601648,0.2019841027290947,13.566956169266685,14.358733851964736,per,Full Advanced
33,365,13.755342465753426,4.256224298688528,0.22278096178433307,13.318691780656133,14.191993150850719,per,Full Advanced
34,288,13.265972222222224,4.50255309989168,0.26531548579882647,12.745953870056525,13.785990574387924,per,Full Advanced
35,211,13.383886255924171,4.276160501503624,0.29438302929446597,12.806895518507018,13.960876993341325,per,Full Advanced
36,140,13.182857142857141,4.150737870732305,0.3508013771712191,12.495286443601552,13.870427842112731,per,Full Advanced
37,86,12.769767441860468,4.296375210020702,0.46329005361903747,11.861718936767154,13.677815946953782,per,Full Advanced
38,58,13.094827586206897,4.449341461771188,0.5842271559200383,11.949742360603622,14.239912811810171,per,Full Advanced
39,29,13.693103448275862,4.515997835827866,0.83859974533089,12.049447947427318,15.336758949124405,per,Full Advanced
19,110,0.05458181818181818,0.05653210207900663,0.005390124442374579,0.04401717427476401,0.06514646208887236,ws_per_48,Full Advanced
20,271,0.06909963099630997,0.05588627042562023,0.003394849160051723,0.0624457266426086,0.07575353535001135,ws_per_48,Full Advanced
21,459,0.08281263616557734,0.052549080545520134,0.0024527810307291864,0.07800518534534813,0.08762008698580655,ws_per_48,Full Advanced
22,691,0.08825759768451519,0.055529625825908854,0.00211244652245328,0.08411720250050676,0.09239799286852361,ws_per_48,Full Advanced
23,842,0.0919228028503563,0.053875710027961314,0.001856679580047544,0.08828371087346311,0.09556189482724949,ws_per_48,Full Advanced
24,949,0.09539726027397262,0.05431224416191716,0.0017630500519477685,0.091941682172155,0.09885283837579024,ws_per_48,Full Advanced
25,939,0.09977103301384452,0.05256669813455756,0.0017154493609173901,0.09640875226644643,0.1031333137612426,ws_per_48,Full Advanced
26,908,0.10125550660792954,0.05433327189590149,0.0018031129576404712,0.09772140521095421,0.10478960800490486,ws_per_48,Full Advanced
27,875,0.10077828571428571,0.05327345142140201,0.0018009713653148339,0.09724838183826863,0.10430818959030279,ws_per_48,Full Advanced
28,805,0.1029304347826087,0.05434377975852039,0.0019153665618852924,0.09917631632131353,0.10668455324390387,ws_per_48,Full Advanced
29,716,0.10112150837988826,0.05531441508109406,0.002067196748332831,0.09706980275315591,0.10517321400662061,ws_per_48,Full Advanced
30,664,0.09928313253012047,0.05349964789053069,0.0020761889917669547,0.09521380210625724,0.1033524629539837,ws_per_48,Full Advanced
31,573,0.09549040139616057,0.052127419150444734,0.0021776541757246204,0.09122219921174031,0.09975860358058082,ws_per_48,Full Advanced
32,471,0.09915074309978769,0.05536348549398216,0.0025510147541906642,0.094150754181574,0.10415073201800139,ws_per_48,Full Advanced
33,365,0.09908767123287672,0.05440692209415772,0.00284778845785842,0.09350600585547422,0.10466933661027922,ws_per_48,Full Advanced
34,288,0.09344097222222222,0.055509832023852304,0.0032709482205493454,0.0870299137099455,0.09985203073449894,ws_per_48,Full Advanced
35,211,0.09949289099526065,0.05328578562075814,0.003668344764855871,0.09230293525614315,0.10668284673437815,ws_per_48,Full Advanced
36,140,0.0968,0.047767000438956306,0.004037048365660284,0.08888738520330584,0.10471261479669415,ws_per_48,Full Advanced
37,86,0.09011627906976745,0.0463260614251661,0.004995467675068493,0.0803251624266332,0.09990739571290169,ws_per_48,Full Advanced
38,58,0.09293103448275862,0.05419550770175902,0.007116218793339598,0.078983245647813,0.10687882331770424,ws_per_48,Full Advanced
39,29,0.10241379310344828,0.04578639632762062,0.008502320349966036,0.08574924521751486,0.1190783409893817,ws_per_48,Full Advanced
