talent_tier,metric,count,median,mean,std,q1,q3,iqr
Role/Bench,per,1013,25.0,25.61994076999013,3.0494406271939165,23.0,27.0,4.0
Starter/Rotation,per,195,26.0,26.97948717948718,3.387300379265304,25.0,29.0,4.0
All-Star,per,145,26.0,26.56551724137931,3.1486632814211992,24.0,28.0,4.0
Elite,per,34,27.0,26.323529411764707,2.94104277771012,24.0,28.75,4.75
Role/Bench,bpm,1013,25.0,25.835143139190524,3.138985527608307,24.0,28.0,4.0
Starter/Rotation,bpm,195,27.0,26.91794871794872,3.4779772379156957,24.0,29.0,5.0
All-Star,bpm,145,26.0,26.593103448275862,3.29877197631545,24.0,29.0,5.0
Elite,bpm,34,27.0,26.529411764705884,2.8202223651599363,24.0,29.0,5.0
Role/Bench,ws,1013,25.0,25.684106614017768,3.0559528695958953,23.0,28.0,5.0
Starter/Rotation,ws,195,27.0,26.76923076923077,3.306207364517946,24.0,29.0,5.0
All-Star,ws,145,26.0,26.2,2.9921192786681776,24.0,28.0,4.0
Elite,ws,34,25.5,26.0,3.3484505688633384,24.0,28.0,4.0
Role/Bench,ws_per_48,1013,25.0,25.884501480750245,3.3230966012133667,23.0,28.0,5.0
Starter/Rotation,ws_per_48,195,26.0,26.861538461538462,3.5108532302619713,24.0,29.0,5.0
All-Star,ws_per_48,145,26.0,26.613793103448277,3.4078875154569968,24.0,29.0,5.0
Elite,ws_per_48,34,27.0,26.529411764705884,3.44862989147027,24.0,28.75,4.75
Role/Bench,per_smooth,1013,25.0,25.52122408687068,2.9889112725192053,23.0,27.0,4.0
Starter/Rotation,per_smooth,195,26.0,26.764102564102565,3.284726226214136,24.0,29.0,5.0
All-Star,per_smooth,145,26.0,26.606896551724137,3.120934136609978,24.0,29.0,5.0
Elite,per_smooth,34,27.0,26.41176470588235,3.1248529377161,24.0,28.75,4.75
Role/Bench,bpm_smooth,1013,25.0,25.789733464955578,3.109689883886842,24.0,28.0,4.0
Starter/Rotation,bpm_smooth,195,27.0,27.01025641025641,3.509911949419496,24.0,30.0,6.0
All-Star,bpm_smooth,145,26.0,26.79310344827586,3.120043962751473,24.0,29.0,5.0
Elite,bpm_smooth,34,26.5,26.41176470588235,2.753704359682564,24.25,28.0,3.75
Role/Bench,ws_smooth,1013,25.0,25.581441263573545,3.0220747617110226,23.0,27.0,4.0
Starter/Rotation,ws_smooth,195,26.0,26.692307692307693,3.085999697284748,24.0,29.0,5.0
All-Star,ws_smooth,145,26.0,26.2,3.0609548256131527,24.0,28.0,4.0
Elite,ws_smooth,34,26.0,26.08823529411765,3.1465964976012697,24.0,28.0,4.0
Role/Bench,ws_per_48_smooth,1013,25.0,25.817374136229024,3.260618744962732,24.0,28.0,4.0
Starter/Rotation,ws_per_48_smooth,195,27.0,26.94871794871795,3.5750331117255287,24.0,30.0,6.0
All-Star,ws_per_48_smooth,145,26.0,26.489655172413794,3.4057085275626044,24.0,29.0,5.0
Elite,ws_per_48_smooth,34,27.0,26.823529411764707,2.8969219635235426,25.0,28.0,3.0
