metric,decade,count,median,mean,std,q1,q3,iqr
PER,2000s,337,26.0,25.91394658753709,2.8548749300426874,24.0,27.0,3.0
PER,2010s,380,25.0,25.605263157894736,2.8933503389433075,24.0,27.0,3.0
PER,2020s,333,24.0,24.756756756756758,2.750299708365478,23.0,26.0,3.0
BPM,2000s,351,26.0,26.045584045584047,3.0450290429159903,24.0,28.0,4.0
BPM,2010s,372,25.0,25.68548387096774,2.9130256835740966,24.0,28.0,4.0
BPM,2020s,339,25.0,25.0117994100295,2.9331571144194566,23.0,27.0,4.0
WS,2000s,357,26.0,26.128851540616246,2.894237217401941,24.0,28.0,4.0
WS,2010s,404,25.0,25.418316831683168,2.883298555373381,23.0,27.0,4.0
WS,2020s,304,24.5,24.657894736842106,2.6714608632728667,22.75,27.0,4.25
WS_PER_48,2000s,336,26.0,26.142857142857142,3.2152355857803374,24.0,28.0,4.0
WS_PER_48,2010s,390,25.0,25.70769230769231,3.1067870487474005,23.0,28.0,5.0
WS_PER_48,2020s,336,25.0,24.976190476190474,3.110794650030004,23.0,27.0,4.0
